{
  "type": "FeatureCollection",
  "features": [
    {
      "type": "Feature",
      "properties": {
        "id": "moudon",
        "name": "Moudon",
        "displayName": "Moudon, District de la Broye-Vully, Vaud, 1510, Schweiz/Suisse/Svizzera/Svizra",
        "class": "boundary",
        "type": "administrative"
      },
      "geometry": {
        "type": "Polygon",
        "coordinates": [
          [
            [
              6.7488737,
              46.6735193
            ],
            [
              6.7489453,
              46.6724412
            ],
            [
              6.7502335,
              46.6719992
            ],
            [
              6.7508755,
              46.6717287
            ],
            [
              6.7515086,
              46.6713811
            ],
            [
              6.7539037,
              46.6699316
            ],
            [
              6.7547082,
              46.6696295
            ],
            [
              6.7551389,
              46.6695242
            ],
            [
              6.7559317,
              46.6691729
            ],
            [
              6.755894,
              46.6691437
            ],
            [
              6.7564549,
              46.6689041
            ],
            [
              6.7566903,
              46.6688434
            ],
            [
              6.7567948,
              46.6687918
            ],
            [
              6.7568168,
              46.6687036
            ],
            [
              6.7559414,
              46.6678244
            ],
            [
              6.7558776,
              46.6677455
            ],
            [
              6.755833,
              46.667661
            ],
            [
              6.7558043,
              46.6675731
            ],
            [
              6.7557961,
              46.667484
            ],
            [
              6.7558074,
              46.6669517
            ],
            [
              6.7556794,
              46.6662433
            ],
            [
              6.7556545,
              46.6661784
            ],
            [
              6.7556161,
              46.6661169
            ],
            [
              6.7556622,
              46.6661001
            ],
            [
              6.7558354,
              46.6661828
            ],
            [
              6.7559933,
              46.6662024
            ],
            [
              6.7564209,
              46.6660235
            ],
            [
              6.7582017,
              46.6655735
            ],
            [
              6.75811,
              46.6652636
            ],
            [
              6.758099,
              46.6651549
            ],
            [
              6.7581075,
              46.665067
            ],
            [
              6.75814,
              46.6649918
            ],
            [
              6.7581851,
              46.6649217
            ],
            [
              6.758246,
              46.6648562
            ],
            [
              6.7583189,
              46.6647989
            ],
            [
              6.7583942,
              46.6647464
            ],
            [
              6.7585662,
              46.664637
            ],
            [
              6.7587212,
              46.6645446
            ],
            [
              6.7588888,
              46.6644593
            ],
            [
              6.7598796,
              46.66398
            ],
            [
              6.7599918,
              46.6639369
            ],
            [
              6.7601043,
              46.6638995
            ],
            [
              6.7604851,
              46.6637942
            ],
            [
              6.7605826,
              46.6637713
            ],
            [
              6.7606874,
              46.6637618
            ],
            [
              6.7607918,
              46.6637736
            ],
            [
              6.7608917,
              46.6637981
            ],
            [
              6.7610573,
              46.6638613
            ],
            [
              6.7611571,
              46.6638931
            ],
            [
              6.7612697,
              46.6639014
            ],
            [
              6.7613782,
              46.663888
            ],
            [
              6.7614793,
              46.6638595
            ],
            [
              6.7615447,
              46.6637973
            ],
            [
              6.7618244,
              46.6634541
            ],
            [
              6.7618213,
              46.6633774
            ],
            [
              6.7616677,
              46.6632765
            ],
            [
              6.7617545,
              46.6616201
            ],
            [
              6.7617812,
              46.661019
            ],
            [
              6.7617431,
              46.6610164
            ],
            [
              6.7610931,
              46.6609067
            ],
            [
              6.760816,
              46.6603733
            ],
            [
              6.7601894,
              46.6592046
            ],
            [
              6.7602496,
              46.6590616
            ],
            [
              6.7603943,
              46.6588829
            ],
            [
              6.7604369,
              46.658817
            ],
            [
              6.760558,
              46.6587504
            ],
            [
              6.7605826,
              46.6587108
            ],
            [
              6.7607557,
              46.6585674
            ],
            [
              6.7608129,
              46.6585606
            ],
            [
              6.76099,
              46.6585121
            ],
            [
              6.7611064,
              46.6584973
            ],
            [
              6.7612564,
              46.6584604
            ],
            [
              6.7613376,
              46.6584063
            ],
            [
              6.7613953,
              46.6583817
            ],
            [
              6.7614613,
              46.6583436
            ],
            [
              6.7615137,
              46.6583338
            ],
            [
              6.761532,
              46.6583114
            ],
            [
              6.7615377,
              46.6583139
            ],
            [
              6.7617194,
              46.6581078
            ],
            [
              6.7617801,
              46.658053
            ],
            [
              6.7618301,
              46.6579848
            ],
            [
              6.7619106,
              46.65794
            ],
            [
              6.7619942,
              46.6579033
            ],
            [
              6.7620869,
              46.657843
            ],
            [
              6.7621472,
              46.6577872
            ],
            [
              6.7621559,
              46.6577867
            ],
            [
              6.7622145,
              46.657389
            ],
            [
              6.7621402,
              46.6570738
            ],
            [
              6.7618536,
              46.6565667
            ],
            [
              6.7616943,
              46.6563979
            ],
            [
              6.7612682,
              46.6562544
            ],
            [
              6.7610646,
              46.6562511
            ],
            [
              6.7601901,
              46.6562541
            ],
            [
              6.7601176,
              46.6562869
            ],
            [
              6.7598519,
              46.6562886
            ],
            [
              6.7596259,
              46.6564108
            ],
            [
              6.7594706,
              46.6565138
            ],
            [
              6.7591194,
              46.6566077
            ],
            [
              6.7589264,
              46.6565891
            ],
            [
              6.7587711,
              46.6563547
            ],
            [
              6.7586718,
              46.6558829
            ],
            [
              6.7591676,
              46.6555893
            ],
            [
              6.7594609,
              46.6552817
            ],
            [
              6.7597865,
              46.6549751
            ],
            [
              6.7598414,
              46.6548857
            ],
            [
              6.7597899,
              46.654552
            ],
            [
              6.7597785,
              46.6539825
            ],
            [
              6.7597762,
              46.6535561
            ],
            [
              6.7599167,
              46.6534375
            ],
            [
              6.7606011,
              46.6528325
            ],
            [
              6.7608909,
              46.6527991
            ],
            [
              6.7611362,
              46.6526621
            ],
            [
              6.7615821,
              46.6525453
            ],
            [
              6.7614552,
              46.6524128
            ],
            [
              6.7614468,
              46.6523116
            ],
            [
              6.7616728,
              46.6521058
            ],
            [
              6.7617811,
              46.6520782
            ],
            [
              6.7625018,
              46.6518585
            ],
            [
              6.7631211,
              46.6516948
            ],
            [
              6.7637348,
              46.6515463
            ],
            [
              6.7638444,
              46.651642
            ],
            [
              6.7652223,
              46.6512697
            ],
            [
              6.7671446,
              46.6506122
            ],
            [
              6.7674347,
              46.6522016
            ],
            [
              6.7678382,
              46.6534351
            ],
            [
              6.7679102,
              46.6537045
            ],
            [
              6.7679956,
              46.6539294
            ],
            [
              6.7695848,
              46.655768
            ],
            [
              6.7695348,
              46.655794
            ],
            [
              6.7693497,
              46.6560131
            ],
            [
              6.7692247,
              46.6562447
            ],
            [
              6.7689549,
              46.6565914
            ],
            [
              6.7687909,
              46.6569129
            ],
            [
              6.769445,
              46.6572742
            ],
            [
              6.7700046,
              46.6575731
            ],
            [
              6.7704529,
              46.6578378
            ],
            [
              6.771526,
              46.6584572
            ],
            [
              6.7721224,
              46.6589468
            ],
            [
              6.7724905,
              46.659214
            ],
            [
              6.7725909,
              46.6594156
            ],
            [
              6.7726761,
              46.659509
            ],
            [
              6.7729404,
              46.6596007
            ],
            [
              6.7736721,
              46.6596892
            ],
            [
              6.7739528,
              46.65981
            ],
            [
              6.7740095,
              46.659901
            ],
            [
              6.7740939,
              46.6599298
            ],
            [
              6.774193,
              46.6599288
            ],
            [
              6.7743695,
              46.6599075
            ],
            [
              6.7745935,
              46.6598617
            ],
            [
              6.7748963,
              46.6597488
            ],
            [
              6.775278,
              46.6597555
            ],
            [
              6.7754217,
              46.6598213
            ],
            [
              6.7756441,
              46.659765
            ],
            [
              6.7760286,
              46.6598911
            ],
            [
              6.7761411,
              46.659912
            ],
            [
              6.7762524,
              46.65989
            ],
            [
              6.7763434,
              46.6599185
            ],
            [
              6.7764763,
              46.6599631
            ],
            [
              6.7766379,
              46.6600812
            ],
            [
              6.7769607,
              46.6601945
            ],
            [
              6.7777421,
              46.660296
            ],
            [
              6.7778195,
              46.6599436
            ],
            [
              6.7784355,
              46.659557
            ],
            [
              6.7794186,
              46.6592088
            ],
            [
              6.7799833,
              46.6590283
            ],
            [
              6.7821859,
              46.6577636
            ],
            [
              6.7822649,
              46.6577225
            ],
            [
              6.7847729,
              46.6562852
            ],
            [
              6.7848218,
              46.654409
            ],
            [
              6.7848448,
              46.6513098
            ],
            [
              6.7865636,
              46.6510103
            ],
            [
              6.7870156,
              46.6509457
            ],
            [
              6.7871199,
              46.6509459
            ],
            [
              6.7872176,
              46.6509705
            ],
            [
              6.7874573,
              46.6510749
            ],
            [
              6.7874838,
              46.6511269
            ],
            [
              6.787562,
              46.6510044
            ],
            [
              6.7878704,
              46.6507995
            ],
            [
              6.7882091,
              46.6506843
            ],
            [
              6.7880725,
              46.6505356
            ],
            [
              6.78793,
              46.6503408
            ],
            [
              6.7879745,
              46.6503255
            ],
            [
              6.7881084,
              46.6502161
            ],
            [
              6.7882458,
              46.6500516
            ],
            [
              6.7883474,
              46.6498957
            ],
            [
              6.7885346,
              46.6494718
            ],
            [
              6.7886436,
              46.6492683
            ],
            [
              6.78877,
              46.6490938
            ],
            [
              6.7888761,
              46.6489943
            ],
            [
              6.7890168,
              46.6489277
            ],
            [
              6.7892823,
              46.6488996
            ],
            [
              6.7897404,
              46.648829
            ],
            [
              6.7899409,
              46.6489124
            ],
            [
              6.7899988,
              46.6489677
            ],
            [
              6.7901414,
              46.6491546
            ],
            [
              6.7901821,
              46.6492606
            ],
            [
              6.7901997,
              46.649447
            ],
            [
              6.7901873,
              46.6495893
            ],
            [
              6.7901724,
              46.6496425
            ],
            [
              6.7901635,
              46.6498068
            ],
            [
              6.7902244,
              46.650089
            ],
            [
              6.7902777,
              46.6502259
            ],
            [
              6.7903667,
              46.6503661
            ],
            [
              6.7905192,
              46.6505257
            ],
            [
              6.7906371,
              46.6506221
            ],
            [
              6.7907041,
              46.6506635
            ],
            [
              6.7909719,
              46.6507377
            ],
            [
              6.7911613,
              46.650775
            ],
            [
              6.7916338,
              46.6508832
            ],
            [
              6.7917911,
              46.6509257
            ],
            [
              6.7918881,
              46.6509637
            ],
            [
              6.7920101,
              46.6510282
            ],
            [
              6.7920799,
              46.6510745
            ],
            [
              6.7921639,
              46.6511515
            ],
            [
              6.7921822,
              46.651183
            ],
            [
              6.7922194,
              46.6513339
            ],
            [
              6.7921628,
              46.6517845
            ],
            [
              6.7925204,
              46.651748
            ],
            [
              6.7927488,
              46.6517649
            ],
            [
              6.7934457,
              46.6518366
            ],
            [
              6.7939789,
              46.6517988
            ],
            [
              6.7943638,
              46.6516975
            ],
            [
              6.7946056,
              46.6516004
            ],
            [
              6.7950457,
              46.6512964
            ],
            [
              6.7954743,
              46.6509512
            ],
            [
              6.7957537,
              46.6505683
            ],
            [
              6.7958438,
              46.6503725
            ],
            [
              6.7958969,
              46.650182
            ],
            [
              6.79612,
              46.6489916
            ],
            [
              6.7962319,
              46.6486727
            ],
            [
              6.7963529,
              46.648473
            ],
            [
              6.7965723,
              46.6485938
            ],
            [
              6.7966127,
              46.6486033
            ],
            [
              6.7967274,
              46.6485703
            ],
            [
              6.7968703,
              46.6485022
            ],
            [
              6.796938,
              46.6486462
            ],
            [
              6.7970278,
              46.648662
            ],
            [
              6.7971241,
              46.6487548
            ],
            [
              6.7972135,
              46.6487566
            ],
            [
              6.7974503,
              46.6488783
            ],
            [
              6.7974776,
              46.6489242
            ],
            [
              6.79759,
              46.6489926
            ],
            [
              6.7976907,
              46.6490382
            ],
            [
              6.7977364,
              46.649015
            ],
            [
              6.798026,
              46.6489682
            ],
            [
              6.7980792,
              46.6489199
            ],
            [
              6.7982606,
              46.6488999
            ],
            [
              6.7983182,
              46.6489342
            ],
            [
              6.7983588,
              46.6489999
            ],
            [
              6.7980126,
              46.6490804
            ],
            [
              6.7977932,
              46.6492522
            ],
            [
              6.7986857,
              46.6493281
            ],
            [
              6.7982903,
              46.6497187
            ],
            [
              6.7977987,
              46.6501954
            ],
            [
              6.7973515,
              46.6504696
            ],
            [
              6.7974873,
              46.6505783
            ],
            [
              6.7975692,
              46.6506372
            ],
            [
              6.7981872,
              46.6510661
            ],
            [
              6.7981129,
              46.6512209
            ],
            [
              6.797286,
              46.6528585
            ],
            [
              6.797731,
              46.6541147
            ],
            [
              6.7986286,
              46.6551707
            ],
            [
              6.7983629,
              46.6552784
            ],
            [
              6.7992125,
              46.6566176
            ],
            [
              6.7994092,
              46.6569125
            ],
            [
              6.7997101,
              46.6571859
            ],
            [
              6.7997987,
              46.6575327
            ],
            [
              6.7999867,
              46.657606
            ],
            [
              6.8006191,
              46.6581103
            ],
            [
              6.8008294,
              46.6583564
            ],
            [
              6.8009969,
              46.6586168
            ],
            [
              6.8011913,
              46.6588277
            ],
            [
              6.8012445,
              46.6588206
            ],
            [
              6.8013886,
              46.6589213
            ],
            [
              6.8016661,
              46.6590313
            ],
            [
              6.8017775,
              46.659215
            ],
            [
              6.8020332,
              46.6594016
            ],
            [
              6.8022803,
              46.6596072
            ],
            [
              6.8026214,
              46.65987
            ],
            [
              6.8028442,
              46.6601038
            ],
            [
              6.8031144,
              46.6603427
            ],
            [
              6.8034359,
              46.6605883
            ],
            [
              6.8034757,
              46.6606428
            ],
            [
              6.8037065,
              46.6608267
            ],
            [
              6.804089,
              46.6610848
            ],
            [
              6.804399,
              46.6612043
            ],
            [
              6.8045244,
              46.6613071
            ],
            [
              6.8048417,
              46.6617802
            ],
            [
              6.80507,
              46.6619313
            ],
            [
              6.8054388,
              46.6622229
            ],
            [
              6.8053981,
              46.6623485
            ],
            [
              6.8055806,
              46.6625248
            ],
            [
              6.805625,
              46.6628117
            ],
            [
              6.8059031,
              46.6629835
            ],
            [
              6.8063841,
              46.6631379
            ],
            [
              6.806847,
              46.6632781
            ],
            [
              6.8077225,
              46.6637117
            ],
            [
              6.8080777,
              46.663938
            ],
            [
              6.8090826,
              46.6644377
            ],
            [
              6.8091558,
              46.6648761
            ],
            [
              6.8091525,
              46.6651122
            ],
            [
              6.8092461,
              46.6652289
            ],
            [
              6.809413,
              46.6653523
            ],
            [
              6.8096056,
              46.6654205
            ],
            [
              6.810079,
              46.6654658
            ],
            [
              6.8109551,
              46.6659251
            ],
            [
              6.811323,
              46.6661268
            ],
            [
              6.8119483,
              46.6657196
            ],
            [
              6.8127483,
              46.6662148
            ],
            [
              6.8132814,
              46.6667793
            ],
            [
              6.8140157,
              46.6678434
            ],
            [
              6.8146715,
              46.6683081
            ],
            [
              6.815219,
              46.6685833
            ],
            [
              6.8156729,
              46.6687196
            ],
            [
              6.8162054,
              46.6690264
            ],
            [
              6.8164442,
              46.6691974
            ],
            [
              6.8168884,
              46.6693817
            ],
            [
              6.8171651,
              46.669533
            ],
            [
              6.8172754,
              46.6695824
            ],
            [
              6.8173775,
              46.6696093
            ],
            [
              6.8175225,
              46.6696109
            ],
            [
              6.8176398,
              46.6695745
            ],
            [
              6.8180203,
              46.670882
            ],
            [
              6.8181708,
              46.6719788
            ],
            [
              6.8184037,
              46.6722157
            ],
            [
              6.8201107,
              46.6726424
            ],
            [
              6.8206608,
              46.6728503
            ],
            [
              6.8240352,
              46.6747463
            ],
            [
              6.8251995,
              46.6752084
            ],
            [
              6.8251428,
              46.6752396
            ],
            [
              6.8262655,
              46.6757396
            ],
            [
              6.8263117,
              46.6757905
            ],
            [
              6.826384,
              46.675995
            ],
            [
              6.8264494,
              46.6764808
            ],
            [
              6.8265172,
              46.6767548
            ],
            [
              6.8268638,
              46.6772886
            ],
            [
              6.8270132,
              46.6775507
            ],
            [
              6.8271827,
              46.6778333
            ],
            [
              6.8276142,
              46.6780221
            ],
            [
              6.8278357,
              46.6780904
            ],
            [
              6.8281485,
              46.6781935
            ],
            [
              6.8284375,
              46.6782696
            ],
            [
              6.8288643,
              46.678282
            ],
            [
              6.8292328,
              46.678223
            ],
            [
              6.8303277,
              46.6776317
            ],
            [
              6.830341,
              46.677569
            ],
            [
              6.8304639,
              46.6777869
            ],
            [
              6.8306335,
              46.6780674
            ],
            [
              6.8306407,
              46.6781704
            ],
            [
              6.8306815,
              46.6782674
            ],
            [
              6.830886,
              46.678444
            ],
            [
              6.8310388,
              46.6785632
            ],
            [
              6.8312459,
              46.6787124
            ],
            [
              6.831329,
              46.6787464
            ],
            [
              6.8313648,
              46.6788643
            ],
            [
              6.8314287,
              46.6789909
            ],
            [
              6.8315264,
              46.6791474
            ],
            [
              6.8316662,
              46.6792986
            ],
            [
              6.8317863,
              46.679395
            ],
            [
              6.8318918,
              46.6795224
            ],
            [
              6.8322053,
              46.6798677
            ],
            [
              6.8326747,
              46.6802587
            ],
            [
              6.8328367,
              46.6804113
            ],
            [
              6.8330313,
              46.6805193
            ],
            [
              6.8333592,
              46.6806793
            ],
            [
              6.8334689,
              46.6807573
            ],
            [
              6.8336726,
              46.6809479
            ],
            [
              6.833845,
              46.6810846
            ],
            [
              6.8339201,
              46.6811874
            ],
            [
              6.8340532,
              46.6812945
            ],
            [
              6.8342393,
              46.6814323
            ],
            [
              6.8344347,
              46.6815352
            ],
            [
              6.8345567,
              46.6816235
            ],
            [
              6.8348357,
              46.6817896
            ],
            [
              6.8348945,
              46.6818184
            ],
            [
              6.835265,
              46.6820577
            ],
            [
              6.8356312,
              46.6822642
            ],
            [
              6.8360543,
              46.6825329
            ],
            [
              6.8363749,
              46.6826999
            ],
            [
              6.8367865,
              46.6828845
            ],
            [
              6.837216,
              46.6830257
            ],
            [
              6.8375767,
              46.6831809
            ],
            [
              6.8380339,
              46.6833666
            ],
            [
              6.8380238,
              46.6833945
            ],
            [
              6.8380392,
              46.6833936
            ],
            [
              6.8380908,
              46.6834425
            ],
            [
              6.8380072,
              46.6836827
            ],
            [
              6.8380185,
              46.6837717
            ],
            [
              6.8380917,
              46.6838022
            ],
            [
              6.8381011,
              46.6838557
            ],
            [
              6.8380633,
              46.6838962
            ],
            [
              6.8380885,
              46.6839451
            ],
            [
              6.838089,
              46.6839966
            ],
            [
              6.8381183,
              46.6840362
            ],
            [
              6.8380958,
              46.6841383
            ],
            [
              6.8381098,
              46.6842044
            ],
            [
              6.8381051,
              46.6842771
            ],
            [
              6.8381081,
              46.6843468
            ],
            [
              6.8380759,
              46.684466
            ],
            [
              6.8379798,
              46.6846407
            ],
            [
              6.8379648,
              46.6846983
            ],
            [
              6.8379868,
              46.6847684
            ],
            [
              6.8379911,
              46.6848112
            ],
            [
              6.83797,
              46.6848866
            ],
            [
              6.8379833,
              46.6849643
            ],
            [
              6.8379412,
              46.6850347
            ],
            [
              6.8378715,
              46.6850937
            ],
            [
              6.8378168,
              46.6851612
            ],
            [
              6.8378329,
              46.6852292
            ],
            [
              6.8378976,
              46.6853514
            ],
            [
              6.8378592,
              46.6853888
            ],
            [
              6.8378366,
              46.6854465
            ],
            [
              6.837779,
              46.6854882
            ],
            [
              6.8377112,
              46.6854878
            ],
            [
              6.8376509,
              46.6855079
            ],
            [
              6.8373835,
              46.6857228
            ],
            [
              6.837289,
              46.6857646
            ],
            [
              6.8371949,
              46.6858419
            ],
            [
              6.8371381,
              46.685933
            ],
            [
              6.8370567,
              46.6859989
            ],
            [
              6.8369997,
              46.6860313
            ],
            [
              6.8369221,
              46.6860979
            ],
            [
              6.8368766,
              46.6861462
            ],
            [
              6.8368705,
              46.6862181
            ],
            [
              6.8368176,
              46.6863495
            ],
            [
              6.8367352,
              46.6863866
            ],
            [
              6.8366998,
              46.6864733
            ],
            [
              6.836715,
              46.6865531
            ],
            [
              6.8366421,
              46.6867183
            ],
            [
              6.8366875,
              46.6868063
            ],
            [
              6.8366715,
              46.6868432
            ],
            [
              6.8365616,
              46.6869609
            ],
            [
              6.8364838,
              46.6870275
            ],
            [
              6.8363955,
              46.6870503
            ],
            [
              6.836278,
              46.687167
            ],
            [
              6.8361731,
              46.687195
            ],
            [
              6.8361143,
              46.687244
            ],
            [
              6.8360413,
              46.68728
            ],
            [
              6.8359554,
              46.6872881
            ],
            [
              6.8358376,
              46.6873254
            ],
            [
              6.8358005,
              46.6873662
            ],
            [
              6.8358132,
              46.6874198
            ],
            [
              6.835796,
              46.687449
            ],
            [
              6.8357457,
              46.6874649
            ],
            [
              6.835721,
              46.6875148
            ],
            [
              6.8356018,
              46.687545
            ],
            [
              6.8355389,
              46.6876081
            ],
            [
              6.8355081,
              46.6876164
            ],
            [
              6.8354383,
              46.6876145
            ],
            [
              6.8354106,
              46.6876343
            ],
            [
              6.8353678,
              46.6877019
            ],
            [
              6.8352872,
              46.6877897
            ],
            [
              6.8352038,
              46.6878462
            ],
            [
              6.8350606,
              46.6879331
            ],
            [
              6.8349751,
              46.687999
            ],
            [
              6.8349312,
              46.6880477
            ],
            [
              6.834868,
              46.6880864
            ],
            [
              6.8347562,
              46.6881403
            ],
            [
              6.8345148,
              46.6882247
            ],
            [
              6.8344586,
              46.6882515
            ],
            [
              6.8341291,
              46.6884299
            ],
            [
              6.8337028,
              46.6886508
            ],
            [
              6.8336627,
              46.6886797
            ],
            [
              6.8336368,
              46.688714
            ],
            [
              6.8335492,
              46.6887783
            ],
            [
              6.8334934,
              46.6888081
            ],
            [
              6.8331425,
              46.6889651
            ],
            [
              6.8330544,
              46.6890105
            ],
            [
              6.8327286,
              46.6891276
            ],
            [
              6.8323864,
              46.6893041
            ],
            [
              6.8322702,
              46.6893717
            ],
            [
              6.8321117,
              46.6894349
            ],
            [
              6.8319938,
              46.6895078
            ],
            [
              6.8318655,
              46.6895376
            ],
            [
              6.8317909,
              46.6895644
            ],
            [
              6.8316102,
              46.6896901
            ],
            [
              6.8314921,
              46.6897274
            ],
            [
              6.8313842,
              46.6897919
            ],
            [
              6.8312956,
              46.6898359
            ],
            [
              6.8312196,
              46.6898636
            ],
            [
              6.8310079,
              46.6899627
            ],
            [
              6.830886,
              46.6900046
            ],
            [
              6.8307013,
              46.69013
            ],
            [
              6.8304998,
              46.6901999
            ],
            [
              6.830413,
              46.6902572
            ],
            [
              6.8303702,
              46.6902742
            ],
            [
              6.8303072,
              46.6902824
            ],
            [
              6.8301883,
              46.690326
            ],
            [
              6.8301367,
              46.6903569
            ],
            [
              6.8299604,
              46.6904438
            ],
            [
              6.8298977,
              46.6904888
            ],
            [
              6.8297762,
              46.6905279
            ],
            [
              6.8296388,
              46.6905969
            ],
            [
              6.8294151,
              46.6907152
            ],
            [
              6.8293328,
              46.6907775
            ],
            [
              6.8292782,
              46.6908312
            ],
            [
              6.8292173,
              46.690913
            ],
            [
              6.8290734,
              46.6910184
            ],
            [
              6.8287042,
              46.6912086
            ],
            [
              6.8280174,
              46.6905762
            ],
            [
              6.8275987,
              46.6907876
            ],
            [
              6.8273535,
              46.6909781
            ],
            [
              6.8270231,
              46.6912035
            ],
            [
              6.826745,
              46.691579
            ],
            [
              6.8266984,
              46.6916315
            ],
            [
              6.826652,
              46.6916652
            ],
            [
              6.826603,
              46.6916916
            ],
            [
              6.8265787,
              46.6917275
            ],
            [
              6.8265378,
              46.6917342
            ],
            [
              6.8263705,
              46.6918413
            ],
            [
              6.8262882,
              46.6919224
            ],
            [
              6.8262115,
              46.6919807
            ],
            [
              6.8261723,
              46.6920258
            ],
            [
              6.8261762,
              46.692047
            ],
            [
              6.8262098,
              46.6921249
            ],
            [
              6.8262057,
              46.6921396
            ],
            [
              6.8261908,
              46.6921579
            ],
            [
              6.826086,
              46.6921847
            ],
            [
              6.8260269,
              46.6922121
            ],
            [
              6.8259277,
              46.6922497
            ],
            [
              6.8252971,
              46.6920983
            ],
            [
              6.8249427,
              46.6920193
            ],
            [
              6.8244964,
              46.691934
            ],
            [
              6.8244284,
              46.6918898
            ],
            [
              6.8239606,
              46.691151
            ],
            [
              6.8235405,
              46.6907489
            ],
            [
              6.8233903,
              46.6905352
            ],
            [
              6.8229573,
              46.6902538
            ],
            [
              6.8225905,
              46.6899984
            ],
            [
              6.8224343,
              46.6895984
            ],
            [
              6.822311,
              46.689399
            ],
            [
              6.8221687,
              46.689228
            ],
            [
              6.82197,
              46.6890214
            ],
            [
              6.819867,
              46.6871578
            ],
            [
              6.8198344,
              46.6871795
            ],
            [
              6.8185898,
              46.6864394
            ],
            [
              6.8186253,
              46.686372
            ],
            [
              6.8186599,
              46.6863243
            ],
            [
              6.8167493,
              46.6847205
            ],
            [
              6.8165183,
              46.684563
            ],
            [
              6.8160961,
              46.6844593
            ],
            [
              6.8158662,
              46.6843899
            ],
            [
              6.8154637,
              46.6842118
            ],
            [
              6.8145008,
              46.6837287
            ],
            [
              6.8126735,
              46.6829374
            ],
            [
              6.8125365,
              46.6828725
            ],
            [
              6.8115372,
              46.6825759
            ],
            [
              6.8114689,
              46.682504
            ],
            [
              6.8110652,
              46.6823845
            ],
            [
              6.8109472,
              46.6823306
            ],
            [
              6.8108784,
              46.6822846
            ],
            [
              6.8103763,
              46.682315
            ],
            [
              6.8102027,
              46.6822782
            ],
            [
              6.8098053,
              46.6821772
            ],
            [
              6.8095855,
              46.682156
            ],
            [
              6.8091765,
              46.6821787
            ],
            [
              6.8089118,
              46.6823179
            ],
            [
              6.8085086,
              46.6823121
            ],
            [
              6.8080946,
              46.6821675
            ],
            [
              6.8079986,
              46.6821511
            ],
            [
              6.8056963,
              46.6814978
            ],
            [
              6.8056109,
              46.6815564
            ],
            [
              6.8055501,
              46.6815795
            ],
            [
              6.8054821,
              46.6815626
            ],
            [
              6.8054474,
              46.6815476
            ],
            [
              6.8053843,
              46.6815524
            ],
            [
              6.8053104,
              46.6815726
            ],
            [
              6.8051454,
              46.6816074
            ],
            [
              6.8050978,
              46.6816084
            ],
            [
              6.8049846,
              46.6816399
            ],
            [
              6.8048773,
              46.6816628
            ],
            [
              6.8045316,
              46.6816709
            ],
            [
              6.8042808,
              46.6816643
            ],
            [
              6.8040676,
              46.6816701
            ],
            [
              6.8037851,
              46.681668
            ],
            [
              6.8036169,
              46.6816626
            ],
            [
              6.8035644,
              46.6817069
            ],
            [
              6.8035191,
              46.6817333
            ],
            [
              6.8034427,
              46.6817449
            ],
            [
              6.8033507,
              46.6817496
            ],
            [
              6.8032057,
              46.6817426
            ],
            [
              6.803153,
              46.6817481
            ],
            [
              6.8030364,
              46.6817974
            ],
            [
              6.8029463,
              46.6818134
            ],
            [
              6.8028913,
              46.6818326
            ],
            [
              6.8027435,
              46.68187
            ],
            [
              6.802697,
              46.6819002
            ],
            [
              6.8026548,
              46.6819405
            ],
            [
              6.8025143,
              46.682143
            ],
            [
              6.8023966,
              46.6822919
            ],
            [
              6.8023297,
              46.6823957
            ],
            [
              6.8021848,
              46.6825015
            ],
            [
              6.8020804,
              46.682603
            ],
            [
              6.802059,
              46.68265
            ],
            [
              6.8020111,
              46.6826874
            ],
            [
              6.8019368,
              46.6827769
            ],
            [
              6.8017525,
              46.6830799
            ],
            [
              6.8017921,
              46.6831149
            ],
            [
              6.8017814,
              46.6832182
            ],
            [
              6.8017123,
              46.6832621
            ],
            [
              6.8013522,
              46.6832348
            ],
            [
              6.8012243,
              46.6832511
            ],
            [
              6.8010886,
              46.6832864
            ],
            [
              6.8010704,
              46.6832939
            ],
            [
              6.801019,
              46.6833801
            ],
            [
              6.8009626,
              46.6833929
            ],
            [
              6.8005676,
              46.6834157
            ],
            [
              6.8003605,
              46.6834459
            ],
            [
              6.8002236,
              46.6834385
            ],
            [
              6.7999905,
              46.6834794
            ],
            [
              6.7999774,
              46.6834906
            ],
            [
              6.7998965,
              46.6834626
            ],
            [
              6.799793,
              46.6834168
            ],
            [
              6.7997409,
              46.6834145
            ],
            [
              6.7994386,
              46.6834982
            ],
            [
              6.7994021,
              46.6835049
            ],
            [
              6.7993127,
              46.683511
            ],
            [
              6.799293,
              46.6835078
            ],
            [
              6.7991687,
              46.6834665
            ],
            [
              6.7990918,
              46.6834499
            ],
            [
              6.7989006,
              46.6834449
            ],
            [
              6.7988758,
              46.6834395
            ],
            [
              6.7987683,
              46.6834575
            ],
            [
              6.7985335,
              46.6834885
            ],
            [
              6.798494,
              46.6835279
            ],
            [
              6.7983285,
              46.6836044
            ],
            [
              6.798252,
              46.683656
            ],
            [
              6.7982297,
              46.6836896
            ],
            [
              6.7981858,
              46.6837092
            ],
            [
              6.798152,
              46.6837191
            ],
            [
              6.7980169,
              46.6837153
            ],
            [
              6.7978399,
              46.6837021
            ],
            [
              6.7978143,
              46.6836908
            ],
            [
              6.7977869,
              46.6836648
            ],
            [
              6.7977614,
              46.6836217
            ],
            [
              6.7976859,
              46.6835606
            ],
            [
              6.7976202,
              46.6835276
            ],
            [
              6.7975944,
              46.6835206
            ],
            [
              6.7974681,
              46.6834978
            ],
            [
              6.7974483,
              46.6835012
            ],
            [
              6.7973467,
              46.6834732
            ],
            [
              6.7972943,
              46.6834524
            ],
            [
              6.7972754,
              46.6834273
            ],
            [
              6.7972813,
              46.6834135
            ],
            [
              6.7972737,
              46.6834038
            ],
            [
              6.7971997,
              46.6833809
            ],
            [
              6.7971797,
              46.6834057
            ],
            [
              6.7969821,
              46.6833351
            ],
            [
              6.7968392,
              46.6833491
            ],
            [
              6.7967527,
              46.6834593
            ],
            [
              6.7966462,
              46.6835058
            ],
            [
              6.7962907,
              46.6836892
            ],
            [
              6.7962794,
              46.6837871
            ],
            [
              6.7959846,
              46.6838775
            ],
            [
              6.7956802,
              46.6841697
            ],
            [
              6.7955441,
              46.6844447
            ],
            [
              6.7953739,
              46.6846648
            ],
            [
              6.7952235,
              46.6845839
            ],
            [
              6.7951201,
              46.6845372
            ],
            [
              6.795005,
              46.6845098
            ],
            [
              6.7949469,
              46.6845279
            ],
            [
              6.7949627,
              46.6846755
            ],
            [
              6.7949607,
              46.6848288
            ],
            [
              6.7948502,
              46.6851097
            ],
            [
              6.7946981,
              46.6853797
            ],
            [
              6.7945303,
              46.6856346
            ],
            [
              6.79399,
              46.6861442
            ],
            [
              6.7938887,
              46.6862616
            ],
            [
              6.7933763,
              46.6866204
            ],
            [
              6.7932785,
              46.6867189
            ],
            [
              6.7931812,
              46.6869129
            ],
            [
              6.7930393,
              46.6870137
            ],
            [
              6.7928134,
              46.6870357
            ],
            [
              6.7925437,
              46.6868813
            ],
            [
              6.7922033,
              46.686666
            ],
            [
              6.7920376,
              46.6866202
            ],
            [
              6.7919126,
              46.6866334
            ],
            [
              6.7917776,
              46.68668
            ],
            [
              6.7917618,
              46.6866872
            ],
            [
              6.7917188,
              46.6867159
            ],
            [
              6.7916863,
              46.6867498
            ],
            [
              6.7915858,
              46.6868964
            ],
            [
              6.7914901,
              46.6871445
            ],
            [
              6.791412,
              46.6873138
            ],
            [
              6.7911906,
              46.6876326
            ],
            [
              6.7911634,
              46.6877458
            ],
            [
              6.7911983,
              46.6878845
            ],
            [
              6.7914336,
              46.6882771
            ],
            [
              6.791467,
              46.688357
            ],
            [
              6.7914659,
              46.688494
            ],
            [
              6.7912588,
              46.6885163
            ],
            [
              6.7910568,
              46.6884806
            ],
            [
              6.7909085,
              46.6884518
            ],
            [
              6.7898173,
              46.6882817
            ],
            [
              6.7882768,
              46.6882894
            ],
            [
              6.7865074,
              46.688633
            ],
            [
              6.785869,
              46.6891163
            ],
            [
              6.785619,
              46.6892616
            ],
            [
              6.7853986,
              46.6893214
            ],
            [
              6.7851012,
              46.689412
            ],
            [
              6.7849115,
              46.6894428
            ],
            [
              6.7847431,
              46.6895298
            ],
            [
              6.784475,
              46.6897542
            ],
            [
              6.784273,
              46.6899038
            ],
            [
              6.7840721,
              46.6900192
            ],
            [
              6.7837492,
              46.690126
            ],
            [
              6.7833706,
              46.6901646
            ],
            [
              6.7825622,
              46.690185
            ],
            [
              6.7823547,
              46.6902222
            ],
            [
              6.7821437,
              46.6903093
            ],
            [
              6.7819651,
              46.6904368
            ],
            [
              6.7817274,
              46.6906006
            ],
            [
              6.7806761,
              46.6913351
            ],
            [
              6.7791103,
              46.692416
            ],
            [
              6.7787848,
              46.6919047
            ],
            [
              6.7784818,
              46.6916588
            ],
            [
              6.7782718,
              46.6913022
            ],
            [
              6.7780887,
              46.6906439
            ],
            [
              6.7779293,
              46.6903583
            ],
            [
              6.7779102,
              46.69013
            ],
            [
              6.7778639,
              46.6900083
            ],
            [
              6.7777005,
              46.689837
            ],
            [
              6.7774818,
              46.689666
            ],
            [
              6.7772699,
              46.6894869
            ],
            [
              6.7771055,
              46.689362
            ],
            [
              6.7767825,
              46.6889913
            ],
            [
              6.7766608,
              46.6887321
            ],
            [
              6.7765598,
              46.6885246
            ],
            [
              6.7760126,
              46.6879603
            ],
            [
              6.7760204,
              46.6879526
            ],
            [
              6.7760494,
              46.687813
            ],
            [
              6.7761222,
              46.687756
            ],
            [
              6.7762632,
              46.6877462
            ],
            [
              6.7763829,
              46.6874826
            ],
            [
              6.7764999,
              46.687463
            ],
            [
              6.7765599,
              46.6874739
            ],
            [
              6.7765727,
              46.6874714
            ],
            [
              6.7766071,
              46.6874282
            ],
            [
              6.7765954,
              46.687411
            ],
            [
              6.7765197,
              46.6873813
            ],
            [
              6.7765002,
              46.6873397
            ],
            [
              6.776522,
              46.6873154
            ],
            [
              6.7766129,
              46.6872884
            ],
            [
              6.7766741,
              46.6872988
            ],
            [
              6.77672,
              46.687336
            ],
            [
              6.7767878,
              46.6873501
            ],
            [
              6.7768572,
              46.6872714
            ],
            [
              6.7768425,
              46.6872101
            ],
            [
              6.7769619,
              46.6871618
            ],
            [
              6.7770026,
              46.6870981
            ],
            [
              6.7770195,
              46.6870278
            ],
            [
              6.7770585,
              46.6869676
            ],
            [
              6.7769997,
              46.6869244
            ],
            [
              6.7769416,
              46.6868891
            ],
            [
              6.7769014,
              46.6868341
            ],
            [
              6.7768425,
              46.6867393
            ],
            [
              6.7768439,
              46.6865926
            ],
            [
              6.7768774,
              46.6865457
            ],
            [
              6.7769325,
              46.6865114
            ],
            [
              6.7769653,
              46.6864808
            ],
            [
              6.7769527,
              46.6863968
            ],
            [
              6.7769092,
              46.6863465
            ],
            [
              6.7768434,
              46.6862949
            ],
            [
              6.7768452,
              46.6862671
            ],
            [
              6.7768361,
              46.686259
            ],
            [
              6.7768257,
              46.6862422
            ],
            [
              6.7768355,
              46.6861524
            ],
            [
              6.7768632,
              46.6861416
            ],
            [
              6.7768855,
              46.6861133
            ],
            [
              6.7769293,
              46.6860839
            ],
            [
              6.7769425,
              46.6858819
            ],
            [
              6.7769326,
              46.6858409
            ],
            [
              6.776953,
              46.6858104
            ],
            [
              6.7769836,
              46.685711
            ],
            [
              6.7769473,
              46.6856602
            ],
            [
              6.7769612,
              46.6855806
            ],
            [
              6.7769242,
              46.6854764
            ],
            [
              6.7769487,
              46.6854376
            ],
            [
              6.7769419,
              46.685402
            ],
            [
              6.77692,
              46.6853658
            ],
            [
              6.7768698,
              46.6853162
            ],
            [
              6.7767796,
              46.6852839
            ],
            [
              6.7766661,
              46.685189
            ],
            [
              6.7766929,
              46.6850939
            ],
            [
              6.776696,
              46.6850584
            ],
            [
              6.77666,
              46.6850472
            ],
            [
              6.776637,
              46.6850064
            ],
            [
              6.7766866,
              46.6849253
            ],
            [
              6.7766878,
              46.6849042
            ],
            [
              6.7765554,
              46.6847753
            ],
            [
              6.7765869,
              46.6846575
            ],
            [
              6.7765942,
              46.6845472
            ],
            [
              6.7765008,
              46.684423
            ],
            [
              6.7764013,
              46.6843654
            ],
            [
              6.7762942,
              46.6843177
            ],
            [
              6.7763075,
              46.6842485
            ],
            [
              6.7763772,
              46.6842049
            ],
            [
              6.776432,
              46.6841919
            ],
            [
              6.7764398,
              46.6841828
            ],
            [
              6.7764573,
              46.6840788
            ],
            [
              6.776297,
              46.6838221
            ],
            [
              6.7762552,
              46.6836289
            ],
            [
              6.7762778,
              46.6835483
            ],
            [
              6.7763965,
              46.6835126
            ],
            [
              6.7765854,
              46.6833938
            ],
            [
              6.7765993,
              46.6833142
            ],
            [
              6.776576,
              46.6832335
            ],
            [
              6.7766271,
              46.6831612
            ],
            [
              6.7765947,
              46.6830937
            ],
            [
              6.7766311,
              46.683058
            ],
            [
              6.7767076,
              46.6830268
            ],
            [
              6.7768198,
              46.6829865
            ],
            [
              6.776955,
              46.682909
            ],
            [
              6.7770515,
              46.6828837
            ],
            [
              6.7771264,
              46.6828475
            ],
            [
              6.7771468,
              46.6827791
            ],
            [
              6.7771448,
              46.6826962
            ],
            [
              6.7770982,
              46.6826311
            ],
            [
              6.7771332,
              46.6825351
            ],
            [
              6.7772449,
              46.6824326
            ],
            [
              6.7772488,
              46.6823895
            ],
            [
              6.7773004,
              46.6823598
            ],
            [
              6.7774352,
              46.6823851
            ],
            [
              6.7776031,
              46.6823637
            ],
            [
              6.7776472,
              46.6823176
            ],
            [
              6.7775795,
              46.6822615
            ],
            [
              6.7775686,
              46.6822132
            ],
            [
              6.7775006,
              46.6822073
            ],
            [
              6.7774183,
              46.6821486
            ],
            [
              6.7773785,
              46.6820995
            ],
            [
              6.7772838,
              46.6820864
            ],
            [
              6.7772215,
              46.6821465
            ],
            [
              6.7771089,
              46.6821743
            ],
            [
              6.7770102,
              46.6821699
            ],
            [
              6.776975,
              46.6821509
            ],
            [
              6.7769259,
              46.6821523
            ],
            [
              6.7768135,
              46.6821407
            ],
            [
              6.7767041,
              46.6820826
            ],
            [
              6.776665,
              46.6820552
            ],
            [
              6.7766241,
              46.6820447
            ],
            [
              6.7765869,
              46.6820377
            ],
            [
              6.7764862,
              46.682054
            ],
            [
              6.7764027,
              46.6820479
            ],
            [
              6.7762024,
              46.6820954
            ],
            [
              6.776164,
              46.682113
            ],
            [
              6.7760581,
              46.6821154
            ],
            [
              6.7758964,
              46.6821435
            ],
            [
              6.7756496,
              46.6820525
            ],
            [
              6.775612,
              46.6820532
            ],
            [
              6.7755679,
              46.6820369
            ],
            [
              6.7754764,
              46.6820423
            ],
            [
              6.7753132,
              46.682007
            ],
            [
              6.7750114,
              46.6819136
            ],
            [
              6.7748506,
              46.6819161
            ],
            [
              6.7747145,
              46.6818861
            ],
            [
              6.7746729,
              46.6818677
            ],
            [
              6.7745668,
              46.6818381
            ],
            [
              6.7745161,
              46.6818359
            ],
            [
              6.774511,
              46.6818189
            ],
            [
              6.77445,
              46.6817964
            ],
            [
              6.7743565,
              46.6817364
            ],
            [
              6.7742497,
              46.6816713
            ],
            [
              6.7741478,
              46.681635
            ],
            [
              6.7737675,
              46.6814723
            ],
            [
              6.7736808,
              46.6814304
            ],
            [
              6.7736331,
              46.6813775
            ],
            [
              6.7736557,
              46.6813081
            ],
            [
              6.7736641,
              46.6812201
            ],
            [
              6.7736359,
              46.681196
            ],
            [
              6.7735588,
              46.681164
            ],
            [
              6.7735243,
              46.6811278
            ],
            [
              6.7734625,
              46.6811231
            ],
            [
              6.7734146,
              46.6811065
            ],
            [
              6.7733613,
              46.681077
            ],
            [
              6.7732662,
              46.6810351
            ],
            [
              6.7731695,
              46.6809743
            ],
            [
              6.7731084,
              46.6809667
            ],
            [
              6.7729833,
              46.6809466
            ],
            [
              6.7728839,
              46.6809175
            ],
            [
              6.7728056,
              46.6808658
            ],
            [
              6.7727107,
              46.6807362
            ],
            [
              6.7727229,
              46.6806192
            ],
            [
              6.7726544,
              46.6805802
            ],
            [
              6.772543,
              46.6805593
            ],
            [
              6.7724001,
              46.6804541
            ],
            [
              6.7723292,
              46.6804311
            ],
            [
              6.7722926,
              46.6803772
            ],
            [
              6.7722845,
              46.6803373
            ],
            [
              6.7722307,
              46.6802749
            ],
            [
              6.7721386,
              46.6802284
            ],
            [
              6.7720394,
              46.6801525
            ],
            [
              6.7719799,
              46.6800877
            ],
            [
              6.7719678,
              46.6800506
            ],
            [
              6.7719872,
              46.6800209
            ],
            [
              6.7719519,
              46.67997
            ],
            [
              6.7718607,
              46.6798852
            ],
            [
              6.7718513,
              46.6798707
            ],
            [
              6.7717806,
              46.679812
            ],
            [
              6.7717742,
              46.6798116
            ],
            [
              6.771751,
              46.6798233
            ],
            [
              6.7717428,
              46.6798233
            ],
            [
              6.7716517,
              46.6797576
            ],
            [
              6.7715864,
              46.6797309
            ],
            [
              6.771579,
              46.6796779
            ],
            [
              6.7715438,
              46.679628
            ],
            [
              6.7713059,
              46.6795118
            ],
            [
              6.7712682,
              46.6794487
            ],
            [
              6.7712411,
              46.6793942
            ],
            [
              6.7712565,
              46.6793749
            ],
            [
              6.7712966,
              46.6793633
            ],
            [
              6.7713202,
              46.6793454
            ],
            [
              6.7713182,
              46.679318
            ],
            [
              6.7713126,
              46.6793111
            ],
            [
              6.7712337,
              46.6792825
            ],
            [
              6.7711859,
              46.6792158
            ],
            [
              6.7710587,
              46.6791274
            ],
            [
              6.7710184,
              46.6790683
            ],
            [
              6.7708969,
              46.6790504
            ],
            [
              6.7708088,
              46.6790156
            ],
            [
              6.7707698,
              46.6790235
            ],
            [
              6.7707385,
              46.6789957
            ],
            [
              6.7707519,
              46.6788967
            ],
            [
              6.7707604,
              46.6788634
            ],
            [
              6.7707133,
              46.6788017
            ],
            [
              6.7706644,
              46.678784
            ],
            [
              6.7705507,
              46.6787323
            ],
            [
              6.7704785,
              46.6786946
            ],
            [
              6.7704334,
              46.6786857
            ],
            [
              6.7703896,
              46.6786982
            ],
            [
              6.7703733,
              46.6786994
            ],
            [
              6.770338,
              46.6786691
            ],
            [
              6.7702529,
              46.6786297
            ],
            [
              6.7702516,
              46.6786216
            ],
            [
              6.7702808,
              46.6785932
            ],
            [
              6.7702122,
              46.678582
            ],
            [
              6.7701112,
              46.6786128
            ],
            [
              6.7700607,
              46.6785729
            ],
            [
              6.7700584,
              46.6785647
            ],
            [
              6.770111,
              46.6785017
            ],
            [
              6.7700774,
              46.6784689
            ],
            [
              6.7699961,
              46.6784285
            ],
            [
              6.7699045,
              46.6784121
            ],
            [
              6.7698354,
              46.6783785
            ],
            [
              6.7698053,
              46.6782796
            ],
            [
              6.7697548,
              46.6782506
            ],
            [
              6.7697569,
              46.67823
            ],
            [
              6.7696952,
              46.6782217
            ],
            [
              6.7696927,
              46.6781991
            ],
            [
              6.7696806,
              46.6781943
            ],
            [
              6.76962,
              46.6782157
            ],
            [
              6.7695382,
              46.6781704
            ],
            [
              6.7694948,
              46.6781803
            ],
            [
              6.7691214,
              46.678086
            ],
            [
              6.7691137,
              46.6780113
            ],
            [
              6.7690786,
              46.6779907
            ],
            [
              6.7690774,
              46.6779629
            ],
            [
              6.7690139,
              46.6779166
            ],
            [
              6.7689717,
              46.6778552
            ],
            [
              6.7689107,
              46.6778436
            ],
            [
              6.7685456,
              46.6777076
            ],
            [
              6.7685229,
              46.6776642
            ],
            [
              6.7684353,
              46.677632
            ],
            [
              6.7680607,
              46.6774186
            ],
            [
              6.7679034,
              46.6773349
            ],
            [
              6.7677554,
              46.6772476
            ],
            [
              6.7674303,
              46.6773346
            ],
            [
              6.767382,
              46.6772556
            ],
            [
              6.7673277,
              46.6772499
            ],
            [
              6.7671931,
              46.6772599
            ],
            [
              6.766997,
              46.6772038
            ],
            [
              6.7665496,
              46.6769105
            ],
            [
              6.7659925,
              46.6764868
            ],
            [
              6.7653172,
              46.6761411
            ],
            [
              6.7649643,
              46.6758392
            ],
            [
              6.7646956,
              46.6756707
            ],
            [
              6.7642265,
              46.6754002
            ],
            [
              6.7635108,
              46.6760629
            ],
            [
              6.7631177,
              46.6764234
            ],
            [
              6.7622599,
              46.6769349
            ],
            [
              6.7613992,
              46.6776053
            ],
            [
              6.7612781,
              46.677663
            ],
            [
              6.7607714,
              46.6778866
            ],
            [
              6.7607073,
              46.6779133
            ],
            [
              6.7605374,
              46.677974
            ],
            [
              6.7597603,
              46.6778874
            ],
            [
              6.7588333,
              46.6777157
            ],
            [
              6.758015,
              46.6775615
            ],
            [
              6.7575273,
              46.6776126
            ],
            [
              6.756752,
              46.6777769
            ],
            [
              6.7562985,
              46.677875
            ],
            [
              6.7556894,
              46.6779883
            ],
            [
              6.7551309,
              46.6780175
            ],
            [
              6.7547891,
              46.6779432
            ],
            [
              6.7543471,
              46.6778385
            ],
            [
              6.7536779,
              46.6778059
            ],
            [
              6.7535118,
              46.6777952
            ],
            [
              6.7526438,
              46.6774602
            ],
            [
              6.751793,
              46.6771364
            ],
            [
              6.7513535,
              46.67691
            ],
            [
              6.7507167,
              46.6766254
            ],
            [
              6.7492431,
              46.6759793
            ],
            [
              6.7490255,
              46.6758666
            ],
            [
              6.7490017,
              46.6754366
            ],
            [
              6.7488737,
              46.6735193
            ]
          ]
        ]
      }
    },
    {
      "type": "Feature",
      "properties": {
        "id": "arnex",
        "name": "Arnex-sur-Nyon",
        "displayName": "Arnex-sur-Nyon, District de Nyon, Vaud, 1277, Schweiz/Suisse/Svizzera/Svizra",
        "class": "boundary",
        "type": "administrative"
      },
      "geometry": {
        "type": "Polygon",
        "coordinates": [
          [
            [
              6.1729944,
              46.3694466
            ],
            [
              6.1734583,
              46.3691297
            ],
            [
              6.1744673,
              46.3698317
            ],
            [
              6.1752677,
              46.3690193
            ],
            [
              6.1737781,
              46.3676665
            ],
            [
              6.1740596,
              46.367662
            ],
            [
              6.1737594,
              46.3673531
            ],
            [
              6.1735698,
              46.3673126
            ],
            [
              6.1755702,
              46.3663768
            ],
            [
              6.1760666,
              46.3662841
            ],
            [
              6.1767612,
              46.3662531
            ],
            [
              6.1773917,
              46.3660972
            ],
            [
              6.1791327,
              46.3649302
            ],
            [
              6.1795321,
              46.3647424
            ],
            [
              6.1802483,
              46.3645785
            ],
            [
              6.1815122,
              46.3652299
            ],
            [
              6.1815003,
              46.365263
            ],
            [
              6.182272,
              46.3657414
            ],
            [
              6.1831419,
              46.3661033
            ],
            [
              6.1841571,
              46.3666189
            ],
            [
              6.1850804,
              46.3674145
            ],
            [
              6.1856755,
              46.3680248
            ],
            [
              6.1860003,
              46.3685207
            ],
            [
              6.1845369,
              46.3694005
            ],
            [
              6.1847393,
              46.3695162
            ],
            [
              6.1848516,
              46.3695854
            ],
            [
              6.1851357,
              46.3698035
            ],
            [
              6.1851927,
              46.3698275
            ],
            [
              6.1852577,
              46.3698271
            ],
            [
              6.1862785,
              46.3695848
            ],
            [
              6.18753,
              46.3692822
            ],
            [
              6.1877081,
              46.3692164
            ],
            [
              6.1883104,
              46.3688987
            ],
            [
              6.1884756,
              46.3688531
            ],
            [
              6.1885282,
              46.3689358
            ],
            [
              6.1886419,
              46.3690843
            ],
            [
              6.1887743,
              46.3692222
            ],
            [
              6.1889267,
              46.3693539
            ],
            [
              6.1925119,
              46.3718209
            ],
            [
              6.1925728,
              46.3718103
            ],
            [
              6.1926181,
              46.3716958
            ],
            [
              6.1927167,
              46.3714893
            ],
            [
              6.1927809,
              46.3713885
            ],
            [
              6.1928693,
              46.3713036
            ],
            [
              6.193514,
              46.3708354
            ],
            [
              6.1943143,
              46.37015
            ],
            [
              6.1943076,
              46.3700655
            ],
            [
              6.1943548,
              46.3700481
            ],
            [
              6.1933714,
              46.3693276
            ],
            [
              6.1947746,
              46.368068
            ],
            [
              6.1954891,
              46.3687995
            ],
            [
              6.1987821,
              46.3672773
            ],
            [
              6.1997982,
              46.3683307
            ],
            [
              6.1999417,
              46.3684883
            ],
            [
              6.2000674,
              46.3686488
            ],
            [
              6.2021594,
              46.3718423
            ],
            [
              6.2022063,
              46.3718275
            ],
            [
              6.2025317,
              46.3723237
            ],
            [
              6.2026782,
              46.3725945
            ],
            [
              6.2039051,
              46.3750899
            ],
            [
              6.2045479,
              46.3763907
            ],
            [
              6.2045625,
              46.3764127
            ],
            [
              6.2045218,
              46.3764145
            ],
            [
              6.204435,
              46.3764605
            ],
            [
              6.2044123,
              46.3764646
            ],
            [
              6.2043642,
              46.376482
            ],
            [
              6.2041988,
              46.3765059
            ],
            [
              6.2041451,
              46.3765069
            ],
            [
              6.2041205,
              46.376494
            ],
            [
              6.2040637,
              46.3764972
            ],
            [
              6.2040463,
              46.3765154
            ],
            [
              6.2040156,
              46.3765004
            ],
            [
              6.2039525,
              46.3764838
            ],
            [
              6.2038714,
              46.3764718
            ],
            [
              6.2037718,
              46.3764039
            ],
            [
              6.2036382,
              46.3763867
            ],
            [
              6.2036009,
              46.37639
            ],
            [
              6.2035002,
              46.376412
            ],
            [
              6.2034468,
              46.3764005
            ],
            [
              6.2033723,
              46.3763427
            ],
            [
              6.2033365,
              46.3763063
            ],
            [
              6.2032846,
              46.3762846
            ],
            [
              6.2031621,
              46.3763026
            ],
            [
              6.2030242,
              46.3763454
            ],
            [
              6.2030023,
              46.37637
            ],
            [
              6.2029754,
              46.3764193
            ],
            [
              6.2029553,
              46.3764245
            ],
            [
              6.2029298,
              46.3764576
            ],
            [
              6.2028901,
              46.3765457
            ],
            [
              6.202785,
              46.3766077
            ],
            [
              6.2027873,
              46.3766407
            ],
            [
              6.202634,
              46.3767685
            ],
            [
              6.2025995,
              46.3767764
            ],
            [
              6.2024519,
              46.3768624
            ],
            [
              6.2024252,
              46.3768933
            ],
            [
              6.2022519,
              46.377002
            ],
            [
              6.2022113,
              46.377015
            ],
            [
              6.2021722,
              46.377035
            ],
            [
              6.2021505,
              46.377028
            ],
            [
              6.202097,
              46.3770588
            ],
            [
              6.202013,
              46.3771186
            ],
            [
              6.2018817,
              46.3771536
            ],
            [
              6.2018195,
              46.3772021
            ],
            [
              6.2017984,
              46.3772268
            ],
            [
              6.2017823,
              46.3772314
            ],
            [
              6.2016178,
              46.3774045
            ],
            [
              6.2015909,
              46.377439
            ],
            [
              6.2015813,
              46.3774406
            ],
            [
              6.2014885,
              46.3775417
            ],
            [
              6.2013897,
              46.3777179
            ],
            [
              6.2013953,
              46.3777396
            ],
            [
              6.2013628,
              46.3778142
            ],
            [
              6.2013713,
              46.3778453
            ],
            [
              6.2013735,
              46.3779163
            ],
            [
              6.2013046,
              46.378054
            ],
            [
              6.2012526,
              46.3781448
            ],
            [
              6.2011955,
              46.3782131
            ],
            [
              6.2011088,
              46.3782643
            ],
            [
              6.2010648,
              46.3782774
            ],
            [
              6.200927,
              46.3782826
            ],
            [
              6.2008346,
              46.378255
            ],
            [
              6.2007508,
              46.3782058
            ],
            [
              6.2005734,
              46.3779321
            ],
            [
              6.2005518,
              46.3779218
            ],
            [
              6.2005295,
              46.377926
            ],
            [
              6.2005017,
              46.3779089
            ],
            [
              6.2004941,
              46.3778881
            ],
            [
              6.2003,
              46.3778887
            ],
            [
              6.2002484,
              46.3778966
            ],
            [
              6.2001905,
              46.3778779
            ],
            [
              6.2001853,
              46.3778564
            ],
            [
              6.2001312,
              46.3778175
            ],
            [
              6.2001228,
              46.3778042
            ],
            [
              6.2000468,
              46.3777489
            ],
            [
              6.1999882,
              46.3777169
            ],
            [
              6.1999278,
              46.3777096
            ],
            [
              6.1998746,
              46.3777092
            ],
            [
              6.199817,
              46.3777324
            ],
            [
              6.199676,
              46.377861
            ],
            [
              6.1996287,
              46.3778792
            ],
            [
              6.1995698,
              46.3778744
            ],
            [
              6.1994852,
              46.3778423
            ],
            [
              6.1993807,
              46.3777905
            ],
            [
              6.199314,
              46.3777629
            ],
            [
              6.1989495,
              46.3777564
            ],
            [
              6.1988912,
              46.3777675
            ],
            [
              6.1984671,
              46.3777551
            ],
            [
              6.1983509,
              46.3777131
            ],
            [
              6.1982929,
              46.3776391
            ],
            [
              6.1981764,
              46.3776016
            ],
            [
              6.1981361,
              46.3776009
            ],
            [
              6.1978891,
              46.3776684
            ],
            [
              6.1978592,
              46.3776798
            ],
            [
              6.1977618,
              46.3776942
            ],
            [
              6.1975108,
              46.3777046
            ],
            [
              6.1973428,
              46.3776249
            ],
            [
              6.1973155,
              46.3775897
            ],
            [
              6.1973113,
              46.3775537
            ],
            [
              6.1973267,
              46.3775378
            ],
            [
              6.197303,
              46.3774663
            ],
            [
              6.1972302,
              46.377378
            ],
            [
              6.1971524,
              46.3773273
            ],
            [
              6.1971586,
              46.3773156
            ],
            [
              6.1970062,
              46.3772578
            ],
            [
              6.1969535,
              46.3772558
            ],
            [
              6.1969065,
              46.3772053
            ],
            [
              6.1967592,
              46.3771499
            ],
            [
              6.1967161,
              46.3771243
            ],
            [
              6.1966913,
              46.3770957
            ],
            [
              6.1966618,
              46.3770942
            ],
            [
              6.1966136,
              46.3771194
            ],
            [
              6.1965902,
              46.3771369
            ],
            [
              6.196545,
              46.3772951
            ],
            [
              6.1965256,
              46.3773093
            ],
            [
              6.1964851,
              46.3773508
            ],
            [
              6.1964317,
              46.3773573
            ],
            [
              6.1963602,
              46.3773101
            ],
            [
              6.1963253,
              46.377204
            ],
            [
              6.1963359,
              46.3771926
            ],
            [
              6.1962881,
              46.3771538
            ],
            [
              6.1962592,
              46.3771405
            ],
            [
              6.1961408,
              46.3771191
            ],
            [
              6.1960146,
              46.3771285
            ],
            [
              6.1958217,
              46.3771625
            ],
            [
              6.1956756,
              46.3772005
            ],
            [
              6.1956141,
              46.3772358
            ],
            [
              6.1955589,
              46.377303
            ],
            [
              6.1955582,
              46.3773551
            ],
            [
              6.1955643,
              46.3773846
            ],
            [
              6.1956258,
              46.3774982
            ],
            [
              6.1956323,
              46.3775614
            ],
            [
              6.1956647,
              46.3776306
            ],
            [
              6.1956109,
              46.3777225
            ],
            [
              6.1955945,
              46.3777284
            ],
            [
              6.1955129,
              46.3777403
            ],
            [
              6.1954606,
              46.37773
            ],
            [
              6.1954477,
              46.3777124
            ],
            [
              6.1954204,
              46.3777029
            ],
            [
              6.1953942,
              46.3777214
            ],
            [
              6.1952851,
              46.3778622
            ],
            [
              6.1953034,
              46.3778909
            ],
            [
              6.1953135,
              46.3779261
            ],
            [
              6.1952708,
              46.3779874
            ],
            [
              6.1952766,
              46.3780172
            ],
            [
              6.1953138,
              46.3780381
            ],
            [
              6.1952998,
              46.3781225
            ],
            [
              6.1952733,
              46.3781506
            ],
            [
              6.1952331,
              46.3781722
            ],
            [
              6.1952098,
              46.3781917
            ],
            [
              6.1951848,
              46.378227
            ],
            [
              6.1951567,
              46.3782382
            ],
            [
              6.1951553,
              46.3782419
            ],
            [
              6.1951637,
              46.3782586
            ],
            [
              6.1952442,
              46.3782804
            ],
            [
              6.1952279,
              46.3783813
            ],
            [
              6.1952454,
              46.3784661
            ],
            [
              6.1952499,
              46.378471
            ],
            [
              6.1951926,
              46.3785543
            ],
            [
              6.1951632,
              46.3786096
            ],
            [
              6.1950736,
              46.3786873
            ],
            [
              6.1950892,
              46.3787113
            ],
            [
              6.1950972,
              46.3787613
            ],
            [
              6.1950037,
              46.3788135
            ],
            [
              6.1949946,
              46.3788913
            ],
            [
              6.1950316,
              46.3789336
            ],
            [
              6.194999,
              46.3789612
            ],
            [
              6.1949499,
              46.3789748
            ],
            [
              6.1948961,
              46.3790256
            ],
            [
              6.1948743,
              46.3790631
            ],
            [
              6.1948473,
              46.3791743
            ],
            [
              6.1948165,
              46.3792239
            ],
            [
              6.1948192,
              46.3792399
            ],
            [
              6.1947517,
              46.3792866
            ],
            [
              6.194713,
              46.3793438
            ],
            [
              6.1947086,
              46.379367
            ],
            [
              6.1946795,
              46.3793827
            ],
            [
              6.1946565,
              46.3794134
            ],
            [
              6.1946643,
              46.3794792
            ],
            [
              6.1946158,
              46.3795215
            ],
            [
              6.1946187,
              46.3795487
            ],
            [
              6.1945847,
              46.3795631
            ],
            [
              6.1945216,
              46.3795584
            ],
            [
              6.194496,
              46.3795691
            ],
            [
              6.1944829,
              46.3796312
            ],
            [
              6.1944979,
              46.3796571
            ],
            [
              6.1944138,
              46.3796839
            ],
            [
              6.194411,
              46.3796975
            ],
            [
              6.1943608,
              46.3797714
            ],
            [
              6.1943374,
              46.3798265
            ],
            [
              6.1943039,
              46.3798634
            ],
            [
              6.1942612,
              46.3798821
            ],
            [
              6.1942109,
              46.3799221
            ],
            [
              6.1941979,
              46.3799268
            ],
            [
              6.1941803,
              46.379922
            ],
            [
              6.1941613,
              46.3799316
            ],
            [
              6.1940957,
              46.3799791
            ],
            [
              6.1939804,
              46.3800532
            ],
            [
              6.1932004,
              46.3805476
            ],
            [
              6.192502,
              46.3810826
            ],
            [
              6.1863341,
              46.3803124
            ],
            [
              6.1870182,
              46.3796827
            ],
            [
              6.1858181,
              46.3795054
            ],
            [
              6.1839222,
              46.3792254
            ],
            [
              6.1827485,
              46.3789262
            ],
            [
              6.1820387,
              46.3786138
            ],
            [
              6.1812838,
              46.378061
            ],
            [
              6.1829563,
              46.3780255
            ],
            [
              6.1847709,
              46.3777101
            ],
            [
              6.1864245,
              46.3770138
            ],
            [
              6.1870689,
              46.3766758
            ],
            [
              6.1886308,
              46.3761128
            ],
            [
              6.1889925,
              46.375942
            ],
            [
              6.1883485,
              46.3758826
            ],
            [
              6.1879007,
              46.37576
            ],
            [
              6.1875068,
              46.3757202
            ],
            [
              6.1872374,
              46.3756107
            ],
            [
              6.1870955,
              46.3756198
            ],
            [
              6.1871093,
              46.3753326
            ],
            [
              6.1869738,
              46.3752387
            ],
            [
              6.1868134,
              46.3750128
            ],
            [
              6.186481,
              46.3748841
            ],
            [
              6.1864569,
              46.3748166
            ],
            [
              6.1862097,
              46.3746641
            ],
            [
              6.1853467,
              46.3743558
            ],
            [
              6.1849506,
              46.3740627
            ],
            [
              6.1845622,
              46.374285
            ],
            [
              6.1844346,
              46.3742454
            ],
            [
              6.1842253,
              46.3740642
            ],
            [
              6.1838931,
              46.3740476
            ],
            [
              6.1837589,
              46.3739782
            ],
            [
              6.1837029,
              46.3738845
            ],
            [
              6.1838889,
              46.3738307
            ],
            [
              6.1839436,
              46.3737761
            ],
            [
              6.1838873,
              46.3737192
            ],
            [
              6.1833493,
              46.3734907
            ],
            [
              6.1832665,
              46.373516
            ],
            [
              6.1830635,
              46.3734316
            ],
            [
              6.1829848,
              46.3733042
            ],
            [
              6.1830647,
              46.3731845
            ],
            [
              6.1830177,
              46.3731312
            ],
            [
              6.1826345,
              46.3730419
            ],
            [
              6.1822958,
              46.372817
            ],
            [
              6.1822004,
              46.3725266
            ],
            [
              6.1822557,
              46.3723086
            ],
            [
              6.1820496,
              46.3723141
            ],
            [
              6.1820039,
              46.3724492
            ],
            [
              6.1818836,
              46.3724779
            ],
            [
              6.1815746,
              46.3724046
            ],
            [
              6.1815039,
              46.3723654
            ],
            [
              6.1814524,
              46.3721939
            ],
            [
              6.1812254,
              46.3721847
            ],
            [
              6.1810987,
              46.3721281
            ],
            [
              6.181008,
              46.3718743
            ],
            [
              6.1807906,
              46.3717045
            ],
            [
              6.1806565,
              46.3716641
            ],
            [
              6.1805961,
              46.3716579
            ],
            [
              6.1804327,
              46.3718295
            ],
            [
              6.1801573,
              46.3719082
            ],
            [
              6.1800205,
              46.3715474
            ],
            [
              6.1795471,
              46.371277
            ],
            [
              6.1795485,
              46.3710674
            ],
            [
              6.1792046,
              46.3708149
            ],
            [
              6.1790747,
              46.3708165
            ],
            [
              6.1786629,
              46.3709426
            ],
            [
              6.1777505,
              46.3714437
            ],
            [
              6.1771804,
              46.3713872
            ],
            [
              6.1770463,
              46.3713891
            ],
            [
              6.1769723,
              46.3714749
            ],
            [
              6.1768456,
              46.37144
            ],
            [
              6.1766406,
              46.3714578
            ],
            [
              6.176358,
              46.3715691
            ],
            [
              6.176318,
              46.3717168
            ],
            [
              6.1762871,
              46.3717522
            ],
            [
              6.1729944,
              46.3694466
            ]
          ]
        ]
      }
    },
    {
      "type": "Feature",
      "properties": {
        "id": "boussens",
        "name": "Boussens",
        "displayName": "Boussens, District du Gros-de-Vaud, Vaud, 1034, Schweiz/Suisse/Svizzera/Svizra",
        "class": "boundary",
        "type": "administrative"
      },
      "geometry": {
        "type": "Polygon",
        "coordinates": [
          [
            [
              6.5734216,
              46.5980033
            ],
            [
              6.5777245,
              46.5976955
            ],
            [
              6.5775201,
              46.5960721
            ],
            [
              6.5774591,
              46.5956261
            ],
            [
              6.577471,
              46.5956048
            ],
            [
              6.5773104,
              46.5943349
            ],
            [
              6.5809175,
              46.5932974
            ],
            [
              6.5807222,
              46.5921577
            ],
            [
              6.5807498,
              46.5920762
            ],
            [
              6.5808456,
              46.5920248
            ],
            [
              6.5812003,
              46.5920595
            ],
            [
              6.5828925,
              46.5923204
            ],
            [
              6.5834139,
              46.5923644
            ],
            [
              6.5839779,
              46.5923712
            ],
            [
              6.5843958,
              46.5923608
            ],
            [
              6.5847967,
              46.5923354
            ],
            [
              6.5851158,
              46.5922934
            ],
            [
              6.5857048,
              46.5921722
            ],
            [
              6.5865515,
              46.5920361
            ],
            [
              6.5868124,
              46.5919858
            ],
            [
              6.586992,
              46.5929696
            ],
            [
              6.5870206,
              46.5932249
            ],
            [
              6.5871657,
              46.59321
            ],
            [
              6.5895298,
              46.5928818
            ],
            [
              6.5897205,
              46.5937213
            ],
            [
              6.5899399,
              46.594619
            ],
            [
              6.5905652,
              46.5944803
            ],
            [
              6.5907067,
              46.5944474
            ],
            [
              6.5909082,
              46.5943942
            ],
            [
              6.5909093,
              46.5943903
            ],
            [
              6.5910735,
              46.5943333
            ],
            [
              6.5911467,
              46.5943172
            ],
            [
              6.591292,
              46.5942725
            ],
            [
              6.5913683,
              46.5942534
            ],
            [
              6.5914099,
              46.5942187
            ],
            [
              6.591445,
              46.594217
            ],
            [
              6.5914876,
              46.5941947
            ],
            [
              6.5915965,
              46.5941618
            ],
            [
              6.5916389,
              46.5941406
            ],
            [
              6.5916863,
              46.5941305
            ],
            [
              6.5919549,
              46.5952197
            ],
            [
              6.5921325,
              46.5952113
            ],
            [
              6.5922009,
              46.5952578
            ],
            [
              6.5922162,
              46.5952942
            ],
            [
              6.5922557,
              46.5953509
            ],
            [
              6.592264,
              46.5953852
            ],
            [
              6.5923018,
              46.5954555
            ],
            [
              6.5923391,
              46.5955149
            ],
            [
              6.5924135,
              46.5956156
            ],
            [
              6.5924178,
              46.595659
            ],
            [
              6.5925254,
              46.5957573
            ],
            [
              6.5926159,
              46.5958266
            ],
            [
              6.5927228,
              46.5958487
            ],
            [
              6.5929725,
              46.5958726
            ],
            [
              6.5929931,
              46.5959008
            ],
            [
              6.5933233,
              46.5959294
            ],
            [
              6.5933953,
              46.5959592
            ],
            [
              6.5935243,
              46.5960261
            ],
            [
              6.5936974,
              46.5960808
            ],
            [
              6.5937873,
              46.5961041
            ],
            [
              6.5938942,
              46.5961738
            ],
            [
              6.5940371,
              46.5962155
            ],
            [
              6.5940877,
              46.5962606
            ],
            [
              6.5943553,
              46.5963517
            ],
            [
              6.5944029,
              46.596379
            ],
            [
              6.5944438,
              46.5964754
            ],
            [
              6.5944731,
              46.5964881
            ],
            [
              6.5952745,
              46.5974566
            ],
            [
              6.5959583,
              46.5983021
            ],
            [
              6.596099,
              46.5985323
            ],
            [
              6.5964506,
              46.5990166
            ],
            [
              6.5960285,
              46.5990909
            ],
            [
              6.5963792,
              46.6008851
            ],
            [
              6.5963392,
              46.6009073
            ],
            [
              6.5963565,
              46.6010097
            ],
            [
              6.5962249,
              46.6010814
            ],
            [
              6.5963054,
              46.6014551
            ],
            [
              6.5963697,
              46.6017121
            ],
            [
              6.5965033,
              46.602119
            ],
            [
              6.5964819,
              46.6026365
            ],
            [
              6.5965749,
              46.6031675
            ],
            [
              6.5966837,
              46.6038646
            ],
            [
              6.5952909,
              46.6037554
            ],
            [
              6.5938658,
              46.6056746
            ],
            [
              6.5945018,
              46.6083872
            ],
            [
              6.5950737,
              46.6095434
            ],
            [
              6.5956801,
              46.6108939
            ],
            [
              6.5957568,
              46.6114338
            ],
            [
              6.5955416,
              46.6119451
            ],
            [
              6.5947116,
              46.6125016
            ],
            [
              6.5938536,
              46.6127263
            ],
            [
              6.5935536,
              46.6129288
            ],
            [
              6.5933108,
              46.6131058
            ],
            [
              6.5930978,
              46.6130112
            ],
            [
              6.5929855,
              46.6129109
            ],
            [
              6.5912835,
              46.6143063
            ],
            [
              6.5915545,
              46.6145187
            ],
            [
              6.5919483,
              46.6147674
            ],
            [
              6.5916228,
              46.6150829
            ],
            [
              6.5910293,
              46.6157288
            ],
            [
              6.5909914,
              46.6158627
            ],
            [
              6.5897556,
              46.6161141
            ],
            [
              6.5896277,
              46.6161446
            ],
            [
              6.5879907,
              46.6164398
            ],
            [
              6.5877538,
              46.6164902
            ],
            [
              6.5871247,
              46.6151761
            ],
            [
              6.5862926,
              46.6152627
            ],
            [
              6.5861561,
              46.6153229
            ],
            [
              6.5853789,
              46.6134442
            ],
            [
              6.5843998,
              46.613667
            ],
            [
              6.5842441,
              46.6132766
            ],
            [
              6.5842569,
              46.6132735
            ],
            [
              6.5838397,
              46.6120933
            ],
            [
              6.5836182,
              46.6116608
            ],
            [
              6.5833796,
              46.6117169
            ],
            [
              6.5831014,
              46.6118395
            ],
            [
              6.5828487,
              46.6119138
            ],
            [
              6.582631,
              46.6119672
            ],
            [
              6.5820833,
              46.6121232
            ],
            [
              6.5813879,
              46.612264
            ],
            [
              6.5810832,
              46.6124226
            ],
            [
              6.5810168,
              46.6125935
            ],
            [
              6.5809357,
              46.6126113
            ],
            [
              6.5808215,
              46.6123568
            ],
            [
              6.5805954,
              46.611921
            ],
            [
              6.5804091,
              46.6115093
            ],
            [
              6.5801762,
              46.6110323
            ],
            [
              6.5794315,
              46.6100047
            ],
            [
              6.5790597,
              46.6099758
            ],
            [
              6.5788861,
              46.6098228
            ],
            [
              6.5786559,
              46.6095913
            ],
            [
              6.5785168,
              46.6093993
            ],
            [
              6.5784511,
              46.6092782
            ],
            [
              6.57836,
              46.6090573
            ],
            [
              6.5783106,
              46.6088412
            ],
            [
              6.578261,
              46.6084889
            ],
            [
              6.5782809,
              46.6082058
            ],
            [
              6.5783242,
              46.6080438
            ],
            [
              6.5783368,
              46.6072462
            ],
            [
              6.5781542,
              46.6067969
            ],
            [
              6.5780016,
              46.606497
            ],
            [
              6.5778591,
              46.6061304
            ],
            [
              6.5775221,
              46.6055026
            ],
            [
              6.5770213,
              46.6050218
            ],
            [
              6.5765563,
              46.6047299
            ],
            [
              6.576371,
              46.6045115
            ],
            [
              6.5759237,
              46.6046014
            ],
            [
              6.5759472,
              46.6045208
            ],
            [
              6.5759848,
              46.6038621
            ],
            [
              6.5760308,
              46.6038055
            ],
            [
              6.576122,
              46.6037758
            ],
            [
              6.5758092,
              46.6037981
            ],
            [
              6.5750071,
              46.6038692
            ],
            [
              6.5745166,
              46.603909
            ],
            [
              6.5745069,
              46.603824
            ],
            [
              6.574634,
              46.6037251
            ],
            [
              6.5734216,
              46.5980033
            ]
          ]
        ]
      }
    },
    {
      "type": "Feature",
      "properties": {
        "id": "chardonne",
        "name": "Chardonne",
        "displayName": "Chardonne, District de la Riviera-Pays-d'Enhaut, Vaud, Schweiz/Suisse/Svizzera/Svizra",
        "class": "boundary",
        "type": "administrative"
      },
      "geometry": {
        "type": "Polygon",
        "coordinates": [
          [
            [
              6.7834119,
              46.4345092
            ],
            [
              6.797963,
              46.4316676
            ],
            [
              6.8136562,
              46.4699732
            ],
            [
              6.8135873,
              46.470052
            ],
            [
              6.8135132,
              46.4701553
            ],
            [
              6.8135055,
              46.4701613
            ],
            [
              6.8134616,
              46.4701768
            ],
            [
              6.813399,
              46.470192
            ],
            [
              6.8132983,
              46.4702467
            ],
            [
              6.8132921,
              46.4703559
            ],
            [
              6.8132782,
              46.47046
            ],
            [
              6.8132118,
              46.4708365
            ],
            [
              6.8132226,
              46.4709627
            ],
            [
              6.8132272,
              46.4710631
            ],
            [
              6.8132526,
              46.4712198
            ],
            [
              6.8132917,
              46.4713071
            ],
            [
              6.8133368,
              46.4713596
            ],
            [
              6.8134228,
              46.4713696
            ],
            [
              6.8137627,
              46.4714392
            ],
            [
              6.8139345,
              46.4714646
            ],
            [
              6.8139241,
              46.4715634
            ],
            [
              6.8139283,
              46.4715642
            ],
            [
              6.8139008,
              46.4717099
            ],
            [
              6.8138233,
              46.4720308
            ],
            [
              6.8137818,
              46.4720946
            ],
            [
              6.8137759,
              46.4720926
            ],
            [
              6.813761,
              46.4721175
            ],
            [
              6.8136876,
              46.4722767
            ],
            [
              6.8136217,
              46.472403
            ],
            [
              6.8140433,
              46.4724882
            ],
            [
              6.8141722,
              46.4725445
            ],
            [
              6.8144051,
              46.4725851
            ],
            [
              6.8148482,
              46.4727179
            ],
            [
              6.8148058,
              46.4727808
            ],
            [
              6.8148003,
              46.4727794
            ],
            [
              6.8147658,
              46.4728258
            ],
            [
              6.8147387,
              46.4728548
            ],
            [
              6.81467,
              46.4729631
            ],
            [
              6.8146772,
              46.4729654
            ],
            [
              6.8146674,
              46.4729845
            ],
            [
              6.8146267,
              46.4731666
            ],
            [
              6.8146344,
              46.4731684
            ],
            [
              6.8146416,
              46.4732101
            ],
            [
              6.8146868,
              46.4732178
            ],
            [
              6.8149237,
              46.4732411
            ],
            [
              6.8150381,
              46.4732603
            ],
            [
              6.8154533,
              46.4735258
            ],
            [
              6.8155015,
              46.4735451
            ],
            [
              6.8155285,
              46.473551
            ],
            [
              6.815559,
              46.4735544
            ],
            [
              6.8156207,
              46.4735527
            ],
            [
              6.8156478,
              46.4735489
            ],
            [
              6.8161156,
              46.4734554
            ],
            [
              6.8162439,
              46.4734349
            ],
            [
              6.8163706,
              46.4734174
            ],
            [
              6.8164985,
              46.4734129
            ],
            [
              6.8175728,
              46.4734581
            ],
            [
              6.8176663,
              46.4733962
            ],
            [
              6.8178436,
              46.4732963
            ],
            [
              6.818053,
              46.4732211
            ],
            [
              6.8180484,
              46.4731707
            ],
            [
              6.8181378,
              46.4731789
            ],
            [
              6.8181579,
              46.4731836
            ],
            [
              6.8182295,
              46.4731523
            ],
            [
              6.8182962,
              46.4731155
            ],
            [
              6.8183963,
              46.4730554
            ],
            [
              6.8184792,
              46.4730162
            ],
            [
              6.8185239,
              46.4729979
            ],
            [
              6.81863,
              46.4729598
            ],
            [
              6.8186363,
              46.472955
            ],
            [
              6.8195625,
              46.4727239
            ],
            [
              6.819937,
              46.4726238
            ],
            [
              6.8201725,
              46.4725299
            ],
            [
              6.8204113,
              46.4724225
            ],
            [
              6.8205754,
              46.4723551
            ],
            [
              6.8206256,
              46.4723396
            ],
            [
              6.8206603,
              46.472321
            ],
            [
              6.820743,
              46.47229
            ],
            [
              6.8208024,
              46.4723119
            ],
            [
              6.82093,
              46.4722894
            ],
            [
              6.8211579,
              46.4722425
            ],
            [
              6.8213512,
              46.4722162
            ],
            [
              6.8214569,
              46.4722069
            ],
            [
              6.8218639,
              46.4721981
            ],
            [
              6.8220584,
              46.4721901
            ],
            [
              6.8222076,
              46.4721749
            ],
            [
              6.8223208,
              46.472161
            ],
            [
              6.8228781,
              46.4721158
            ],
            [
              6.8230698,
              46.4720968
            ],
            [
              6.823283,
              46.4720712
            ],
            [
              6.8233263,
              46.4721002
            ],
            [
              6.8233838,
              46.4722088
            ],
            [
              6.8235407,
              46.472369
            ],
            [
              6.8236057,
              46.4724519
            ],
            [
              6.8235831,
              46.4726489
            ],
            [
              6.8238009,
              46.4730932
            ],
            [
              6.823825,
              46.4731955
            ],
            [
              6.8239741,
              46.4731762
            ],
            [
              6.8239767,
              46.4731852
            ],
            [
              6.8239904,
              46.4731833
            ],
            [
              6.8239882,
              46.4731746
            ],
            [
              6.8240771,
              46.473164
            ],
            [
              6.8241657,
              46.4731563
            ],
            [
              6.8246402,
              46.4731343
            ],
            [
              6.8248284,
              46.4731343
            ],
            [
              6.8250701,
              46.4731514
            ],
            [
              6.8252302,
              46.4731685
            ],
            [
              6.8261352,
              46.4732797
            ],
            [
              6.8260881,
              46.4735506
            ],
            [
              6.8260886,
              46.47376
            ],
            [
              6.8260632,
              46.473926
            ],
            [
              6.8263144,
              46.4739456
            ],
            [
              6.8272048,
              46.4740264
            ],
            [
              6.8276083,
              46.4740209
            ],
            [
              6.8279797,
              46.4740623
            ],
            [
              6.8280539,
              46.4730802
            ],
            [
              6.8294819,
              46.4732095
            ],
            [
              6.829552,
              46.4732081
            ],
            [
              6.829681,
              46.4731992
            ],
            [
              6.8298993,
              46.4732236
            ],
            [
              6.8298971,
              46.4732284
            ],
            [
              6.8299529,
              46.4732588
            ],
            [
              6.8300363,
              46.4731904
            ],
            [
              6.8303077,
              46.4729539
            ],
            [
              6.830385,
              46.4728822
            ],
            [
              6.8304084,
              46.4728506
            ],
            [
              6.8304706,
              46.4728926
            ],
            [
              6.8305194,
              46.4729306
            ],
            [
              6.8308252,
              46.4731941
            ],
            [
              6.8309022,
              46.4732632
            ],
            [
              6.8309206,
              46.4732739
            ],
            [
              6.8309369,
              46.4732794
            ],
            [
              6.8309669,
              46.4732806
            ],
            [
              6.8310401,
              46.4732981
            ],
            [
              6.8308787,
              46.4733858
            ],
            [
              6.8308261,
              46.4734383
            ],
            [
              6.8308073,
              46.4734769
            ],
            [
              6.8307848,
              46.4735356
            ],
            [
              6.8307738,
              46.4735832
            ],
            [
              6.8307745,
              46.4736771
            ],
            [
              6.8308101,
              46.4737835
            ],
            [
              6.8309176,
              46.4739045
            ],
            [
              6.8309552,
              46.4739237
            ],
            [
              6.8309996,
              46.4739345
            ],
            [
              6.831047,
              46.473936
            ],
            [
              6.8311497,
              46.4739129
            ],
            [
              6.8313155,
              46.4739142
            ],
            [
              6.8316956,
              46.4739311
            ],
            [
              6.8319134,
              46.4739362
            ],
            [
              6.8319073,
              46.4738557
            ],
            [
              6.8320157,
              46.4738579
            ],
            [
              6.8320216,
              46.4738891
            ],
            [
              6.8324946,
              46.4738093
            ],
            [
              6.8325122,
              46.4738107
            ],
            [
              6.8325589,
              46.4738075
            ],
            [
              6.8326267,
              46.473797
            ],
            [
              6.8327613,
              46.4737959
            ],
            [
              6.8327864,
              46.4738017
            ],
            [
              6.8328031,
              46.4738563
            ],
            [
              6.8333132,
              46.473795
            ],
            [
              6.8333072,
              46.4737711
            ],
            [
              6.8343849,
              46.4737156
            ],
            [
              6.8343893,
              46.473687
            ],
            [
              6.8347482,
              46.4737457
            ],
            [
              6.834751,
              46.4737285
            ],
            [
              6.835055,
              46.4737329
            ],
            [
              6.8350731,
              46.4736793
            ],
            [
              6.8351353,
              46.4736268
            ],
            [
              6.8351454,
              46.4736082
            ],
            [
              6.8351646,
              46.4735499
            ],
            [
              6.835174,
              46.4734824
            ],
            [
              6.8351942,
              46.4734179
            ],
            [
              6.8352881,
              46.4734414
            ],
            [
              6.8352964,
              46.4734361
            ],
            [
              6.8353123,
              46.473448
            ],
            [
              6.8355963,
              46.4735247
            ],
            [
              6.8356444,
              46.4735357
            ],
            [
              6.8356913,
              46.4735496
            ],
            [
              6.8356933,
              46.4735463
            ],
            [
              6.8359354,
              46.4736076
            ],
            [
              6.8360793,
              46.4736659
            ],
            [
              6.8364095,
              46.4737583
            ],
            [
              6.8365565,
              46.4737947
            ],
            [
              6.8366147,
              46.4738068
            ],
            [
              6.8367053,
              46.4738172
            ],
            [
              6.8368398,
              46.4738179
            ],
            [
              6.8369773,
              46.4737996
            ],
            [
              6.8372205,
              46.4737921
            ],
            [
              6.8373165,
              46.4740711
            ],
            [
              6.837574,
              46.4740475
            ],
            [
              6.8379254,
              46.4740303
            ],
            [
              6.8385979,
              46.4740197
            ],
            [
              6.8387529,
              46.4740278
            ],
            [
              6.8391328,
              46.4740223
            ],
            [
              6.8396653,
              46.4740265
            ],
            [
              6.8397969,
              46.474032
            ],
            [
              6.8396972,
              46.4744401
            ],
            [
              6.8396799,
              46.4745615
            ],
            [
              6.8398823,
              46.4747434
            ],
            [
              6.8399803,
              46.4747978
            ],
            [
              6.8400563,
              46.4748347
            ],
            [
              6.8402418,
              46.4749
            ],
            [
              6.8403514,
              46.4749286
            ],
            [
              6.8403852,
              46.4749502
            ],
            [
              6.8403906,
              46.4749809
            ],
            [
              6.8403145,
              46.4751208
            ],
            [
              6.840195,
              46.4751428
            ],
            [
              6.8400196,
              46.4753594
            ],
            [
              6.8400136,
              46.4754189
            ],
            [
              6.8392614,
              46.4757941
            ],
            [
              6.8391146,
              46.4763571
            ],
            [
              6.8394031,
              46.4763928
            ],
            [
              6.8395007,
              46.4764015
            ],
            [
              6.839601,
              46.4764056
            ],
            [
              6.8397941,
              46.4764062
            ],
            [
              6.8397829,
              46.4765016
            ],
            [
              6.8397695,
              46.4765746
            ],
            [
              6.8397072,
              46.4768652
            ],
            [
              6.8391681,
              46.4768602
            ],
            [
              6.839053,
              46.477752
            ],
            [
              6.8389346,
              46.4780927
            ],
            [
              6.8387847,
              46.4784037
            ],
            [
              6.8398828,
              46.4788187
            ],
            [
              6.8398537,
              46.4790328
            ],
            [
              6.8395851,
              46.4800037
            ],
            [
              6.8396222,
              46.4800212
            ],
            [
              6.8396643,
              46.480046
            ],
            [
              6.839673,
              46.4800384
            ],
            [
              6.8396973,
              46.4800545
            ],
            [
              6.8396885,
              46.4800617
            ],
            [
              6.8398386,
              46.4801622
            ],
            [
              6.8399382,
              46.4802383
            ],
            [
              6.8401768,
              46.4804398
            ],
            [
              6.8402304,
              46.4805045
            ],
            [
              6.8405091,
              46.4807648
            ],
            [
              6.8409428,
              46.4810533
            ],
            [
              6.84139,
              46.4812913
            ],
            [
              6.8418263,
              46.4815166
            ],
            [
              6.841874,
              46.4815966
            ],
            [
              6.8420589,
              46.4822246
            ],
            [
              6.8422723,
              46.4826651
            ],
            [
              6.8424527,
              46.4829453
            ],
            [
              6.8425009,
              46.4830459
            ],
            [
              6.8425223,
              46.4832086
            ],
            [
              6.8425044,
              46.483313
            ],
            [
              6.8425308,
              46.4834115
            ],
            [
              6.8425402,
              46.4834131
            ],
            [
              6.8425278,
              46.4834624
            ],
            [
              6.8425271,
              46.4835074
            ],
            [
              6.8424286,
              46.4836409
            ],
            [
              6.8423059,
              46.4837243
            ],
            [
              6.8421728,
              46.4839291
            ],
            [
              6.8420534,
              46.4840875
            ],
            [
              6.8420046,
              46.4842128
            ],
            [
              6.8420024,
              46.4843834
            ],
            [
              6.8419024,
              46.4844796
            ],
            [
              6.84194,
              46.4846555
            ],
            [
              6.8420062,
              46.4848367
            ],
            [
              6.8420108,
              46.4849434
            ],
            [
              6.8419894,
              46.4850359
            ],
            [
              6.8420033,
              46.4850835
            ],
            [
              6.8418875,
              46.4851731
            ],
            [
              6.8418121,
              46.485379
            ],
            [
              6.8418193,
              46.4854484
            ],
            [
              6.8417812,
              46.485558
            ],
            [
              6.8417347,
              46.4857733
            ],
            [
              6.8416866,
              46.4857733
            ],
            [
              6.8414975,
              46.4861811
            ],
            [
              6.8415073,
              46.4863864
            ],
            [
              6.8418692,
              46.4863682
            ],
            [
              6.8418419,
              46.4864478
            ],
            [
              6.8417806,
              46.4867524
            ],
            [
              6.841775,
              46.486879
            ],
            [
              6.8415761,
              46.486896
            ],
            [
              6.8414893,
              46.4869761
            ],
            [
              6.8412708,
              46.4870642
            ],
            [
              6.8410859,
              46.4871527
            ],
            [
              6.8407997,
              46.4872503
            ],
            [
              6.840613,
              46.4872997
            ],
            [
              6.8406062,
              46.4873302
            ],
            [
              6.8404834,
              46.4873903
            ],
            [
              6.8402229,
              46.487444
            ],
            [
              6.8401474,
              46.4874883
            ],
            [
              6.839967,
              46.4876211
            ],
            [
              6.8399895,
              46.4876615
            ],
            [
              6.8400793,
              46.4877151
            ],
            [
              6.8403518,
              46.4878102
            ],
            [
              6.8404743,
              46.4878785
            ],
            [
              6.8407457,
              46.488092
            ],
            [
              6.84068,
              46.4881239
            ],
            [
              6.8410075,
              46.4885001
            ],
            [
              6.841107,
              46.4885741
            ],
            [
              6.8412242,
              46.488615
            ],
            [
              6.8413222,
              46.4886299
            ],
            [
              6.8413715,
              46.4886483
            ],
            [
              6.8413986,
              46.4886822
            ],
            [
              6.841423,
              46.4887694
            ],
            [
              6.8414292,
              46.4889847
            ],
            [
              6.8414567,
              46.4891535
            ],
            [
              6.8415427,
              46.4892594
            ],
            [
              6.8418023,
              46.4895413
            ],
            [
              6.8420097,
              46.4897723
            ],
            [
              6.8420984,
              46.4899688
            ],
            [
              6.8421141,
              46.4902263
            ],
            [
              6.8419003,
              46.4909875
            ],
            [
              6.8418193,
              46.4912173
            ],
            [
              6.8416421,
              46.4917482
            ],
            [
              6.8414361,
              46.492425
            ],
            [
              6.8414117,
              46.4926541
            ],
            [
              6.8413544,
              46.4928265
            ],
            [
              6.8411302,
              46.4930914
            ],
            [
              6.8406313,
              46.4933739
            ],
            [
              6.8395215,
              46.494134
            ],
            [
              6.8388401,
              46.4945943
            ],
            [
              6.838888,
              46.4946253
            ],
            [
              6.838343,
              46.4951441
            ],
            [
              6.8380772,
              46.495455
            ],
            [
              6.837958,
              46.4957125
            ],
            [
              6.8378657,
              46.4960218
            ],
            [
              6.8375031,
              46.4967055
            ],
            [
              6.8371437,
              46.4973483
            ],
            [
              6.8367385,
              46.4983823
            ],
            [
              6.8367234,
              46.4985063
            ],
            [
              6.8367022,
              46.4987415
            ],
            [
              6.8365671,
              46.499163
            ],
            [
              6.8361252,
              46.4999356
            ],
            [
              6.8358851,
              46.5003662
            ],
            [
              6.8357465,
              46.5005544
            ],
            [
              6.8356204,
              46.500666
            ],
            [
              6.8353074,
              46.5009778
            ],
            [
              6.8349534,
              46.5014612
            ],
            [
              6.8342329,
              46.5019243
            ],
            [
              6.834052,
              46.5021073
            ],
            [
              6.833623,
              46.5027265
            ],
            [
              6.8334876,
              46.5028669
            ],
            [
              6.8332601,
              46.5030291
            ],
            [
              6.8330514,
              46.5031403
            ],
            [
              6.8328954,
              46.5033014
            ],
            [
              6.8327709,
              46.5035095
            ],
            [
              6.832639,
              46.5040533
            ],
            [
              6.8326204,
              46.504271
            ],
            [
              6.8325603,
              46.5044542
            ],
            [
              6.8321936,
              46.5047858
            ],
            [
              6.8321798,
              46.5048055
            ],
            [
              6.83221,
              46.5048272
            ],
            [
              6.8322186,
              46.5048782
            ],
            [
              6.8322315,
              46.5049039
            ],
            [
              6.832266,
              46.5049171
            ],
            [
              6.8323374,
              46.5049134
            ],
            [
              6.8323976,
              46.5049781
            ],
            [
              6.8324378,
              46.5050361
            ],
            [
              6.8325503,
              46.5051046
            ],
            [
              6.8326114,
              46.5050773
            ],
            [
              6.8326399,
              46.5050417
            ],
            [
              6.8327076,
              46.5050632
            ],
            [
              6.8323898,
              46.5054434
            ],
            [
              6.8323478,
              46.5058835
            ],
            [
              6.8322969,
              46.5061727
            ],
            [
              6.8323361,
              46.5065231
            ],
            [
              6.832292,
              46.5069238
            ],
            [
              6.8322451,
              46.5071707
            ],
            [
              6.8321936,
              46.5074088
            ],
            [
              6.8321001,
              46.5076632
            ],
            [
              6.8318768,
              46.508387
            ],
            [
              6.8315926,
              46.5091396
            ],
            [
              6.8315051,
              46.5095784
            ],
            [
              6.8314015,
              46.5099649
            ],
            [
              6.8311624,
              46.5104178
            ],
            [
              6.8310782,
              46.5105121
            ],
            [
              6.8310788,
              46.5108405
            ],
            [
              6.831021,
              46.5113417
            ],
            [
              6.8308932,
              46.5118437
            ],
            [
              6.8307988,
              46.5120472
            ],
            [
              6.8304723,
              46.5122859
            ],
            [
              6.8303393,
              46.5124657
            ],
            [
              6.8302563,
              46.5124442
            ],
            [
              6.8301894,
              46.512412
            ],
            [
              6.8298169,
              46.5123358
            ],
            [
              6.8295482,
              46.5123565
            ],
            [
              6.8292695,
              46.5124122
            ],
            [
              6.8288727,
              46.5123794
            ],
            [
              6.8286087,
              46.512332
            ],
            [
              6.8282818,
              46.512249
            ],
            [
              6.8282876,
              46.5121778
            ],
            [
              6.8282507,
              46.5121544
            ],
            [
              6.8281244,
              46.5121607
            ],
            [
              6.828067,
              46.5121435
            ],
            [
              6.8280079,
              46.512111
            ],
            [
              6.8278983,
              46.5120732
            ],
            [
              6.8277858,
              46.5120724
            ],
            [
              6.8276278,
              46.5120845
            ],
            [
              6.8276279,
              46.5120718
            ],
            [
              6.8267494,
              46.5121321
            ],
            [
              6.8260648,
              46.5121582
            ],
            [
              6.825171,
              46.5121297
            ],
            [
              6.8247584,
              46.5121877
            ],
            [
              6.8245141,
              46.5121662
            ],
            [
              6.8242876,
              46.512078
            ],
            [
              6.8240862,
              46.5117332
            ],
            [
              6.8234928,
              46.5116973
            ],
            [
              6.8232923,
              46.5115813
            ],
            [
              6.8229392,
              46.5113311
            ],
            [
              6.8224352,
              46.5110894
            ],
            [
              6.8219644,
              46.5110395
            ],
            [
              6.8208792,
              46.511104
            ],
            [
              6.819847,
              46.5111603
            ],
            [
              6.8196586,
              46.5111461
            ],
            [
              6.8182527,
              46.5108247
            ],
            [
              6.8180364,
              46.5105199
            ],
            [
              6.8174733,
              46.5101799
            ],
            [
              6.8170922,
              46.5099431
            ],
            [
              6.8165079,
              46.5095512
            ],
            [
              6.8164467,
              46.5093533
            ],
            [
              6.8163967,
              46.5090324
            ],
            [
              6.8164561,
              46.5086965
            ],
            [
              6.8170176,
              46.5079052
            ],
            [
              6.8165179,
              46.5074388
            ],
            [
              6.8156764,
              46.5067534
            ],
            [
              6.8160054,
              46.5062454
            ],
            [
              6.816347,
              46.5056337
            ],
            [
              6.8161519,
              46.5054826
            ],
            [
              6.8157379,
              46.5050714
            ],
            [
              6.8154636,
              46.5051954
            ],
            [
              6.8153609,
              46.5051122
            ],
            [
              6.8153316,
              46.5051238
            ],
            [
              6.8149674,
              46.5048073
            ],
            [
              6.8138329,
              46.5036115
            ],
            [
              6.8134469,
              46.5037422
            ],
            [
              6.8133977,
              46.50367
            ],
            [
              6.8133248,
              46.5035382
            ],
            [
              6.8132533,
              46.5033808
            ],
            [
              6.8130724,
              46.5029098
            ],
            [
              6.8130298,
              46.5027412
            ],
            [
              6.8129687,
              46.5026132
            ],
            [
              6.812866,
              46.5023015
            ],
            [
              6.8127593,
              46.5021455
            ],
            [
              6.8125799,
              46.5019597
            ],
            [
              6.812264,
              46.5016895
            ],
            [
              6.8121028,
              46.5014759
            ],
            [
              6.811608,
              46.5010766
            ],
            [
              6.8113944,
              46.5008551
            ],
            [
              6.8112693,
              46.500576
            ],
            [
              6.8111757,
              46.5002118
            ],
            [
              6.8109637,
              46.4995202
            ],
            [
              6.8091505,
              46.4995491
            ],
            [
              6.8083386,
              46.4994445
            ],
            [
              6.8082133,
              46.4990609
            ],
            [
              6.8080632,
              46.4988769
            ],
            [
              6.8077723,
              46.4982829
            ],
            [
              6.8076884,
              46.4980661
            ],
            [
              6.8076299,
              46.497882
            ],
            [
              6.8075654,
              46.4977668
            ],
            [
              6.8075418,
              46.4976182
            ],
            [
              6.8074007,
              46.4975692
            ],
            [
              6.8072874,
              46.4975055
            ],
            [
              6.8072237,
              46.497336
            ],
            [
              6.8071944,
              46.4971251
            ],
            [
              6.8071298,
              46.4970202
            ],
            [
              6.8072967,
              46.4968296
            ],
            [
              6.8072877,
              46.496673
            ],
            [
              6.8073089,
              46.4963526
            ],
            [
              6.8073433,
              46.4961092
            ],
            [
              6.8072182,
              46.4959011
            ],
            [
              6.8070712,
              46.4953343
            ],
            [
              6.8070931,
              46.495119
            ],
            [
              6.8070409,
              46.495046
            ],
            [
              6.8070786,
              46.4946927
            ],
            [
              6.8071329,
              46.4942549
            ],
            [
              6.8073509,
              46.493589
            ],
            [
              6.8073351,
              46.4929407
            ],
            [
              6.8074081,
              46.492485
            ],
            [
              6.8078614,
              46.4921628
            ],
            [
              6.8083196,
              46.4917805
            ],
            [
              6.8083542,
              46.4917308
            ],
            [
              6.8087475,
              46.4916016
            ],
            [
              6.80925,
              46.4915084
            ],
            [
              6.8092863,
              46.491499
            ],
            [
              6.8091164,
              46.4911496
            ],
            [
              6.8085761,
              46.4911166
            ],
            [
              6.8084571,
              46.4910258
            ],
            [
              6.8091505,
              46.4906561
            ],
            [
              6.811186,
              46.4906868
            ],
            [
              6.8110085,
              46.490602
            ],
            [
              6.8110344,
              46.490576
            ],
            [
              6.8110323,
              46.4905647
            ],
            [
              6.810985,
              46.4905275
            ],
            [
              6.8109156,
              46.4905327
            ],
            [
              6.8108316,
              46.4905081
            ],
            [
              6.8107124,
              46.4904008
            ],
            [
              6.8107006,
              46.4903609
            ],
            [
              6.8106407,
              46.4903375
            ],
            [
              6.8106331,
              46.4903017
            ],
            [
              6.8105367,
              46.4902826
            ],
            [
              6.810456,
              46.4902325
            ],
            [
              6.8104031,
              46.4902502
            ],
            [
              6.810364,
              46.4902344
            ],
            [
              6.8103596,
              46.4902007
            ],
            [
              6.8102353,
              46.4901427
            ],
            [
              6.8101508,
              46.4901437
            ],
            [
              6.8101144,
              46.4901177
            ],
            [
              6.8100555,
              46.4901098
            ],
            [
              6.809985,
              46.4901218
            ],
            [
              6.8099169,
              46.4901434
            ],
            [
              6.8097488,
              46.4900602
            ],
            [
              6.8096704,
              46.4900479
            ],
            [
              6.8095896,
              46.4900079
            ],
            [
              6.8095001,
              46.490008
            ],
            [
              6.8094395,
              46.4899748
            ],
            [
              6.8093612,
              46.4899725
            ],
            [
              6.8093257,
              46.4899784
            ],
            [
              6.8092354,
              46.489971
            ],
            [
              6.809158,
              46.4899784
            ],
            [
              6.8090326,
              46.4899748
            ],
            [
              6.8089945,
              46.4899502
            ],
            [
              6.8089249,
              46.4899636
            ],
            [
              6.8087908,
              46.4899385
            ],
            [
              6.8086776,
              46.4899303
            ],
            [
              6.8086395,
              46.4899125
            ],
            [
              6.8085547,
              46.4898842
            ],
            [
              6.8084744,
              46.489896
            ],
            [
              6.8084692,
              46.4898833
            ],
            [
              6.8084273,
              46.489841
            ],
            [
              6.8083199,
              46.4897666
            ],
            [
              6.8082165,
              46.4897465
            ],
            [
              6.8081034,
              46.4896705
            ],
            [
              6.8080169,
              46.4896476
            ],
            [
              6.8079911,
              46.4896023
            ],
            [
              6.8079604,
              46.4895763
            ],
            [
              6.8079541,
              46.4894972
            ],
            [
              6.8079321,
              46.4894556
            ],
            [
              6.8078847,
              46.4894194
            ],
            [
              6.8078601,
              46.4893713
            ],
            [
              6.8078675,
              46.4893345
            ],
            [
              6.8078213,
              46.4892706
            ],
            [
              6.8076033,
              46.4891631
            ],
            [
              6.8074911,
              46.4891232
            ],
            [
              6.8074137,
              46.4890617
            ],
            [
              6.8073195,
              46.488912
            ],
            [
              6.807312,
              46.4888774
            ],
            [
              6.8073621,
              46.4888362
            ],
            [
              6.8074324,
              46.4887324
            ],
            [
              6.8074746,
              46.4886307
            ],
            [
              6.8074775,
              46.4885924
            ],
            [
              6.8075223,
              46.4885165
            ],
            [
              6.8075484,
              46.4883871
            ],
            [
              6.8075067,
              46.4882762
            ],
            [
              6.8075597,
              46.4881725
            ],
            [
              6.8076751,
              46.4880863
            ],
            [
              6.8076701,
              46.4880171
            ],
            [
              6.8076942,
              46.4879711
            ],
            [
              6.8077804,
              46.4879095
            ],
            [
              6.8078572,
              46.4878799
            ],
            [
              6.8079094,
              46.4878144
            ],
            [
              6.8079989,
              46.4877428
            ],
            [
              6.8079763,
              46.4876667
            ],
            [
              6.8079922,
              46.4876157
            ],
            [
              6.8079804,
              46.4875542
            ],
            [
              6.8079973,
              46.4875179
            ],
            [
              6.8079866,
              46.487465
            ],
            [
              6.8079977,
              46.4873654
            ],
            [
              6.8079845,
              46.4872668
            ],
            [
              6.8080028,
              46.4871809
            ],
            [
              6.8080252,
              46.4871083
            ],
            [
              6.8081611,
              46.4867732
            ],
            [
              6.8085261,
              46.4858953
            ],
            [
              6.8086128,
              46.4856585
            ],
            [
              6.8086124,
              46.4855857
            ],
            [
              6.8085963,
              46.4855161
            ],
            [
              6.8085682,
              46.485459
            ],
            [
              6.8085311,
              46.4854145
            ],
            [
              6.8084881,
              46.4853729
            ],
            [
              6.8083855,
              46.4852982
            ],
            [
              6.8083166,
              46.4852672
            ],
            [
              6.8078248,
              46.4850959
            ],
            [
              6.8077021,
              46.4850638
            ],
            [
              6.8075894,
              46.485043
            ],
            [
              6.8074717,
              46.4850269
            ],
            [
              6.8073414,
              46.4850207
            ],
            [
              6.8071868,
              46.4850239
            ],
            [
              6.8067781,
              46.4850687
            ],
            [
              6.8066289,
              46.4850807
            ],
            [
              6.8062555,
              46.4850732
            ],
            [
              6.8061437,
              46.4850449
            ],
            [
              6.8061215,
              46.4850251
            ],
            [
              6.8060588,
              46.4849853
            ],
            [
              6.8059303,
              46.48496
            ],
            [
              6.8058927,
              46.4849665
            ],
            [
              6.8058853,
              46.4849788
            ],
            [
              6.8059029,
              46.4850229
            ],
            [
              6.8058936,
              46.4850357
            ],
            [
              6.8058247,
              46.4850572
            ],
            [
              6.8056828,
              46.4850728
            ],
            [
              6.8056239,
              46.4850544
            ],
            [
              6.8055825,
              46.4850462
            ],
            [
              6.8055376,
              46.4850193
            ],
            [
              6.8054815,
              46.4850299
            ],
            [
              6.8053611,
              46.4850226
            ],
            [
              6.8053364,
              46.4850317
            ],
            [
              6.8052772,
              46.4850276
            ],
            [
              6.8052184,
              46.4850049
            ],
            [
              6.8051583,
              46.4850038
            ],
            [
              6.8051001,
              46.4849565
            ],
            [
              6.8049687,
              46.484948
            ],
            [
              6.8049318,
              46.4849596
            ],
            [
              6.8048665,
              46.4849625
            ],
            [
              6.8048441,
              46.4849871
            ],
            [
              6.804765,
              46.4850029
            ],
            [
              6.8047148,
              46.4849795
            ],
            [
              6.8046852,
              46.4849559
            ],
            [
              6.8046437,
              46.4849092
            ],
            [
              6.8046126,
              46.4848479
            ],
            [
              6.8045632,
              46.4847917
            ],
            [
              6.8045055,
              46.4848008
            ],
            [
              6.8044162,
              46.4847934
            ],
            [
              6.8043108,
              46.4847631
            ],
            [
              6.804212,
              46.4847272
            ],
            [
              6.8040989,
              46.4847426
            ],
            [
              6.8040549,
              46.4848117
            ],
            [
              6.8040029,
              46.4848133
            ],
            [
              6.8039457,
              46.4848337
            ],
            [
              6.8038796,
              46.4848343
            ],
            [
              6.8037167,
              46.4848206
            ],
            [
              6.8036056,
              46.4848428
            ],
            [
              6.8035698,
              46.4848273
            ],
            [
              6.8035504,
              46.4848316
            ],
            [
              6.8035258,
              46.4848273
            ],
            [
              6.8034973,
              46.4848298
            ],
            [
              6.8034234,
              46.4847635
            ],
            [
              6.8034178,
              46.4847509
            ],
            [
              6.8034257,
              46.4847246
            ],
            [
              6.803426,
              46.4846891
            ],
            [
              6.8033935,
              46.4846377
            ],
            [
              6.8033459,
              46.4845301
            ],
            [
              6.8032924,
              46.4844486
            ],
            [
              6.8032269,
              46.4843609
            ],
            [
              6.80312,
              46.4842647
            ],
            [
              6.8030619,
              46.4842249
            ],
            [
              6.8029205,
              46.4841405
            ],
            [
              6.8027843,
              46.4840794
            ],
            [
              6.8026984,
              46.484046
            ],
            [
              6.8026385,
              46.4840278
            ],
            [
              6.8024788,
              46.4840016
            ],
            [
              6.8023856,
              46.4839993
            ],
            [
              6.8023106,
              46.4840069
            ],
            [
              6.8022074,
              46.4840246
            ],
            [
              6.8021258,
              46.4840481
            ],
            [
              6.8020855,
              46.4840638
            ],
            [
              6.8018541,
              46.4841762
            ],
            [
              6.8016906,
              46.4842609
            ],
            [
              6.8015864,
              46.484327
            ],
            [
              6.8011465,
              46.4847044
            ],
            [
              6.8010441,
              46.4847674
            ],
            [
              6.800334,
              46.4851732
            ],
            [
              6.8001586,
              46.4852684
            ],
            [
              6.8000235,
              46.4852593
            ],
            [
              6.799976,
              46.4852806
            ],
            [
              6.7999343,
              46.4852705
            ],
            [
              6.799845,
              46.4852713
            ],
            [
              6.7997603,
              46.4853162
            ],
            [
              6.7997162,
              46.4853125
            ],
            [
              6.799667,
              46.4853017
            ],
            [
              6.7996487,
              46.4852788
            ],
            [
              6.7996138,
              46.4852557
            ],
            [
              6.7994601,
              46.4851661
            ],
            [
              6.7993208,
              46.4851709
            ],
            [
              6.7990718,
              46.485126
            ],
            [
              6.7989384,
              46.4850902
            ],
            [
              6.7989118,
              46.4850771
            ],
            [
              6.7988541,
              46.4850298
            ],
            [
              6.7988029,
              46.4850003
            ],
            [
              6.7987261,
              46.4849711
            ],
            [
              6.7987093,
              46.4849594
            ],
            [
              6.798675,
              46.4849042
            ],
            [
              6.7986085,
              46.4848546
            ],
            [
              6.7985693,
              46.4847665
            ],
            [
              6.7985098,
              46.4847108
            ],
            [
              6.7984765,
              46.4845783
            ],
            [
              6.7984111,
              46.4843982
            ],
            [
              6.7983942,
              46.48437
            ],
            [
              6.7983431,
              46.4843113
            ],
            [
              6.7982965,
              46.4842396
            ],
            [
              6.7983002,
              46.4842307
            ],
            [
              6.7982912,
              46.4841672
            ],
            [
              6.7982556,
              46.4840428
            ],
            [
              6.7982203,
              46.4837945
            ],
            [
              6.7982018,
              46.483707
            ],
            [
              6.7982008,
              46.483589
            ],
            [
              6.798186,
              46.4835076
            ],
            [
              6.798138,
              46.4833196
            ],
            [
              6.7981078,
              46.4831422
            ],
            [
              6.7980524,
              46.4829144
            ],
            [
              6.7980459,
              46.4829054
            ],
            [
              6.7980205,
              46.4827393
            ],
            [
              6.7979769,
              46.4825751
            ],
            [
              6.7979788,
              46.482562
            ],
            [
              6.7979598,
              46.4825294
            ],
            [
              6.7979081,
              46.4824742
            ],
            [
              6.7978869,
              46.4824589
            ],
            [
              6.7978356,
              46.4824306
            ],
            [
              6.7977905,
              46.48242
            ],
            [
              6.7977335,
              46.4823952
            ],
            [
              6.7977159,
              46.482338
            ],
            [
              6.7976893,
              46.4823037
            ],
            [
              6.7976096,
              46.4822367
            ],
            [
              6.7975487,
              46.4821628
            ],
            [
              6.7974995,
              46.4821212
            ],
            [
              6.7974727,
              46.4821198
            ],
            [
              6.7974277,
              46.4820698
            ],
            [
              6.797429,
              46.4820592
            ],
            [
              6.7973977,
              46.4820315
            ],
            [
              6.7973389,
              46.4820018
            ],
            [
              6.7973204,
              46.4819441
            ],
            [
              6.7973593,
              46.4818518
            ],
            [
              6.797398,
              46.4817953
            ],
            [
              6.7973269,
              46.4817256
            ],
            [
              6.7973175,
              46.4816874
            ],
            [
              6.7973359,
              46.4816586
            ],
            [
              6.7974182,
              46.4816056
            ],
            [
              6.7974579,
              46.481588
            ],
            [
              6.7975341,
              46.4815834
            ],
            [
              6.7975616,
              46.4815667
            ],
            [
              6.7976026,
              46.4815211
            ],
            [
              6.7976204,
              46.4814762
            ],
            [
              6.7976296,
              46.4813702
            ],
            [
              6.7976659,
              46.4812844
            ],
            [
              6.7977085,
              46.4812594
            ],
            [
              6.7978057,
              46.4812342
            ],
            [
              6.7979809,
              46.4811762
            ],
            [
              6.79802,
              46.4811095
            ],
            [
              6.7980586,
              46.481081
            ],
            [
              6.7982168,
              46.4810204
            ],
            [
              6.7982702,
              46.4809872
            ],
            [
              6.7983324,
              46.4808992
            ],
            [
              6.7983363,
              46.480886
            ],
            [
              6.7983267,
              46.4808454
            ],
            [
              6.7983314,
              46.4808198
            ],
            [
              6.798364,
              46.4807747
            ],
            [
              6.7984523,
              46.4807245
            ],
            [
              6.7984979,
              46.4807069
            ],
            [
              6.7985482,
              46.4807
            ],
            [
              6.7986543,
              46.4806928
            ],
            [
              6.7987321,
              46.4806784
            ],
            [
              6.7988044,
              46.4806303
            ],
            [
              6.7987993,
              46.4806085
            ],
            [
              6.7989176,
              46.480543
            ],
            [
              6.7989336,
              46.4805186
            ],
            [
              6.7989447,
              46.4804856
            ],
            [
              6.7989609,
              46.4804587
            ],
            [
              6.7990346,
              46.4804121
            ],
            [
              6.7991063,
              46.4803938
            ],
            [
              6.7991231,
              46.4803731
            ],
            [
              6.7991448,
              46.4803027
            ],
            [
              6.7991248,
              46.4802655
            ],
            [
              6.799085,
              46.4802338
            ],
            [
              6.7990509,
              46.4801057
            ],
            [
              6.799042,
              46.480097
            ],
            [
              6.7990789,
              46.4798704
            ],
            [
              6.7990594,
              46.4798049
            ],
            [
              6.799062,
              46.479694
            ],
            [
              6.7990598,
              46.4795113
            ],
            [
              6.7990299,
              46.4793916
            ],
            [
              6.7990117,
              46.479297
            ],
            [
              6.799077,
              46.4791762
            ],
            [
              6.7990778,
              46.4790982
            ],
            [
              6.7990635,
              46.4790847
            ],
            [
              6.7990259,
              46.4790132
            ],
            [
              6.7990358,
              46.4789795
            ],
            [
              6.7991159,
              46.4789412
            ],
            [
              6.7991319,
              46.47891
            ],
            [
              6.79913,
              46.4788464
            ],
            [
              6.7991259,
              46.4788285
            ],
            [
              6.7990769,
              46.4787528
            ],
            [
              6.7990785,
              46.4787357
            ],
            [
              6.7990303,
              46.47871
            ],
            [
              6.7990092,
              46.4786645
            ],
            [
              6.7990063,
              46.4786413
            ],
            [
              6.7990275,
              46.4785172
            ],
            [
              6.7990454,
              46.4784791
            ],
            [
              6.7990617,
              46.478388
            ],
            [
              6.7990525,
              46.4783479
            ],
            [
              6.7990333,
              46.4783078
            ],
            [
              6.7989693,
              46.4782254
            ],
            [
              6.7989421,
              46.4781974
            ],
            [
              6.7989043,
              46.4781424
            ],
            [
              6.7988895,
              46.4781386
            ],
            [
              6.7988656,
              46.4780935
            ],
            [
              6.7988479,
              46.4780326
            ],
            [
              6.7988449,
              46.477979
            ],
            [
              6.7987838,
              46.4778961
            ],
            [
              6.7987982,
              46.4778437
            ],
            [
              6.7988406,
              46.4777653
            ],
            [
              6.7988332,
              46.4777461
            ],
            [
              6.7988258,
              46.477702
            ],
            [
              6.7987859,
              46.4776604
            ],
            [
              6.7987188,
              46.477536
            ],
            [
              6.7987092,
              46.4774859
            ],
            [
              6.7987131,
              46.4774748
            ],
            [
              6.798709,
              46.4774464
            ],
            [
              6.7987255,
              46.4774316
            ],
            [
              6.7987862,
              46.4773975
            ],
            [
              6.7988274,
              46.477347
            ],
            [
              6.7988688,
              46.4773278
            ],
            [
              6.7989044,
              46.4773184
            ],
            [
              6.7989753,
              46.4773266
            ],
            [
              6.799123,
              46.4773598
            ],
            [
              6.7991825,
              46.4773056
            ],
            [
              6.7992538,
              46.4772009
            ],
            [
              6.7992837,
              46.4771741
            ],
            [
              6.7993316,
              46.4771633
            ],
            [
              6.7993831,
              46.4771317
            ],
            [
              6.7994519,
              46.4770652
            ],
            [
              6.7996705,
              46.4768692
            ],
            [
              6.7999281,
              46.4763933
            ],
            [
              6.7999585,
              46.476356
            ],
            [
              6.7994761,
              46.476221
            ],
            [
              6.7992323,
              46.4759403
            ],
            [
              6.7991952,
              46.4758858
            ],
            [
              6.7991985,
              46.4758572
            ],
            [
              6.7992266,
              46.4758252
            ],
            [
              6.7992578,
              46.4757714
            ],
            [
              6.7992798,
              46.4757182
            ],
            [
              6.7992833,
              46.4756805
            ],
            [
              6.7992836,
              46.4756021
            ],
            [
              6.7992651,
              46.475599
            ],
            [
              6.7992722,
              46.4755707
            ],
            [
              6.7993062,
              46.475518
            ],
            [
              6.7993578,
              46.4754908
            ],
            [
              6.7994246,
              46.4753569
            ],
            [
              6.7993284,
              46.4751509
            ],
            [
              6.7992548,
              46.4749842
            ],
            [
              6.7992374,
              46.4749364
            ],
            [
              6.7992115,
              46.4748854
            ],
            [
              6.799174,
              46.4747855
            ],
            [
              6.7991538,
              46.4747611
            ],
            [
              6.7991,
              46.4747514
            ],
            [
              6.7989957,
              46.4746764
            ],
            [
              6.7990118,
              46.4745611
            ],
            [
              6.7990016,
              46.4744601
            ],
            [
              6.7990131,
              46.4744132
            ],
            [
              6.7990412,
              46.4743458
            ],
            [
              6.7990509,
              46.4742608
            ],
            [
              6.7990478,
              46.4742368
            ],
            [
              6.7990578,
              46.474213
            ],
            [
              6.7990759,
              46.4741921
            ],
            [
              6.7991344,
              46.4741594
            ],
            [
              6.7991439,
              46.4741282
            ],
            [
              6.7991439,
              46.4740999
            ],
            [
              6.7991384,
              46.4740381
            ],
            [
              6.7991027,
              46.4739397
            ],
            [
              6.7990814,
              46.4739203
            ],
            [
              6.7990439,
              46.4738722
            ],
            [
              6.7990282,
              46.4738154
            ],
            [
              6.7990226,
              46.4737792
            ],
            [
              6.7989953,
              46.473701
            ],
            [
              6.7989885,
              46.4736854
            ],
            [
              6.7989476,
              46.4736257
            ],
            [
              6.7989523,
              46.4735836
            ],
            [
              6.7989411,
              46.4735523
            ],
            [
              6.7989326,
              46.4735086
            ],
            [
              6.7989498,
              46.4734418
            ],
            [
              6.7989372,
              46.473374
            ],
            [
              6.7989156,
              46.4733295
            ],
            [
              6.7989142,
              46.4733057
            ],
            [
              6.798924,
              46.4732714
            ],
            [
              6.798972,
              46.4731965
            ],
            [
              6.7989909,
              46.473174
            ],
            [
              6.7989955,
              46.4731594
            ],
            [
              6.7989781,
              46.473111
            ],
            [
              6.7989297,
              46.4730476
            ],
            [
              6.7989302,
              46.4730199
            ],
            [
              6.7989553,
              46.4729775
            ],
            [
              6.7989714,
              46.4729096
            ],
            [
              6.7989587,
              46.472855
            ],
            [
              6.798966,
              46.4728053
            ],
            [
              6.7989926,
              46.472775
            ],
            [
              6.7989963,
              46.4727525
            ],
            [
              6.7990175,
              46.4727057
            ],
            [
              6.799047,
              46.472656
            ],
            [
              6.7990557,
              46.472634
            ],
            [
              6.7990661,
              46.4725978
            ],
            [
              6.7990736,
              46.4725549
            ],
            [
              6.7990701,
              46.4725428
            ],
            [
              6.7990419,
              46.4724878
            ],
            [
              6.7990365,
              46.4724821
            ],
            [
              6.7990112,
              46.472474
            ],
            [
              6.7989764,
              46.4724431
            ],
            [
              6.7989207,
              46.47237
            ],
            [
              6.7988815,
              46.4723427
            ],
            [
              6.7988125,
              46.4721292
            ],
            [
              6.7987819,
              46.4720544
            ],
            [
              6.7834119,
              46.4345092
            ]
          ]
        ]
      }
    },
    {
      "type": "Feature",
      "properties": {
        "id": "yens",
        "name": "Yens",
        "displayName": "Yens, District de Morges, Vaud, 1169, Schweiz/Suisse/Svizzera/Svizra",
        "class": "boundary",
        "type": "administrative"
      },
      "geometry": {
        "type": "Polygon",
        "coordinates": [
          [
            [
              6.3703022,
              46.5366805
            ],
            [
              6.3708696,
              46.5366398
            ],
            [
              6.3721677,
              46.5364069
            ],
            [
              6.3732168,
              46.5363915
            ],
            [
              6.3746763,
              46.5362631
            ],
            [
              6.3752361,
              46.5362941
            ],
            [
              6.3767466,
              46.5361742
            ],
            [
              6.377799,
              46.5358963
            ],
            [
              6.3783404,
              46.5356742
            ],
            [
              6.3782744,
              46.5356225
            ],
            [
              6.3788703,
              46.535128
            ],
            [
              6.3788802,
              46.534735
            ],
            [
              6.3799286,
              46.5326993
            ],
            [
              6.3801897,
              46.5309552
            ],
            [
              6.3801708,
              46.5306943
            ],
            [
              6.3808096,
              46.5305068
            ],
            [
              6.3813137,
              46.5302154
            ],
            [
              6.3825096,
              46.5299489
            ],
            [
              6.3854519,
              46.5295981
            ],
            [
              6.3862354,
              46.5287329
            ],
            [
              6.3863632,
              46.5279759
            ],
            [
              6.386736,
              46.5276242
            ],
            [
              6.3868963,
              46.5272706
            ],
            [
              6.3869136,
              46.5267609
            ],
            [
              6.3873748,
              46.5265709
            ],
            [
              6.388128,
              46.5260891
            ],
            [
              6.3881876,
              46.52606
            ],
            [
              6.3891564,
              46.5255866
            ],
            [
              6.3898663,
              46.5253721
            ],
            [
              6.3899963,
              46.5256371
            ],
            [
              6.3901563,
              46.5255976
            ],
            [
              6.3911617,
              46.5251408
            ],
            [
              6.3914493,
              46.5249467
            ],
            [
              6.3919925,
              46.525134
            ],
            [
              6.3922586,
              46.5251913
            ],
            [
              6.3925741,
              46.5251947
            ],
            [
              6.3932167,
              46.5250454
            ],
            [
              6.3936164,
              46.52501
            ],
            [
              6.3938107,
              46.5249576
            ],
            [
              6.3940784,
              46.5247964
            ],
            [
              6.3941022,
              46.5247821
            ],
            [
              6.3944479,
              46.5245157
            ],
            [
              6.3944127,
              46.5244969
            ],
            [
              6.3945237,
              46.5242687
            ],
            [
              6.394788,
              46.5240616
            ],
            [
              6.3948355,
              46.5238378
            ],
            [
              6.3949711,
              46.5237263
            ],
            [
              6.3949581,
              46.5236701
            ],
            [
              6.3951885,
              46.5233604
            ],
            [
              6.3952474,
              46.522993
            ],
            [
              6.3954184,
              46.5229054
            ],
            [
              6.3954038,
              46.5228202
            ],
            [
              6.3954686,
              46.5227781
            ],
            [
              6.395618,
              46.5227559
            ],
            [
              6.3957256,
              46.5225568
            ],
            [
              6.3956826,
              46.5224693
            ],
            [
              6.3957611,
              46.5223501
            ],
            [
              6.395735,
              46.5222251
            ],
            [
              6.3959765,
              46.5218726
            ],
            [
              6.3960273,
              46.5216524
            ],
            [
              6.3962926,
              46.5214978
            ],
            [
              6.3963097,
              46.5213887
            ],
            [
              6.3964638,
              46.5212608
            ],
            [
              6.3962943,
              46.5211062
            ],
            [
              6.3964612,
              46.5210317
            ],
            [
              6.3966232,
              46.5210416
            ],
            [
              6.3970368,
              46.5206754
            ],
            [
              6.3972867,
              46.5206264
            ],
            [
              6.3973199,
              46.5203949
            ],
            [
              6.3972683,
              46.5202546
            ],
            [
              6.3971367,
              46.5198968
            ],
            [
              6.3971077,
              46.5198178
            ],
            [
              6.3970851,
              46.5197564
            ],
            [
              6.397158,
              46.5195996
            ],
            [
              6.3974269,
              46.5193368
            ],
            [
              6.3974533,
              46.5191626
            ],
            [
              6.3975577,
              46.5191197
            ],
            [
              6.3976873,
              46.5189444
            ],
            [
              6.3978547,
              46.5185706
            ],
            [
              6.3980239,
              46.5183636
            ],
            [
              6.3981985,
              46.5181501
            ],
            [
              6.3983469,
              46.5179685
            ],
            [
              6.3990026,
              46.5174468
            ],
            [
              6.3990394,
              46.5174175
            ],
            [
              6.3991265,
              46.5172921
            ],
            [
              6.3993945,
              46.5171887
            ],
            [
              6.3996279,
              46.5169964
            ],
            [
              6.4000186,
              46.5167868
            ],
            [
              6.4002,
              46.5167598
            ],
            [
              6.4005425,
              46.5160852
            ],
            [
              6.4007028,
              46.5160025
            ],
            [
              6.4007924,
              46.5158592
            ],
            [
              6.4013686,
              46.5156711
            ],
            [
              6.4015021,
              46.5154678
            ],
            [
              6.4020923,
              46.5152718
            ],
            [
              6.4028319,
              46.5147571
            ],
            [
              6.4031966,
              46.5146699
            ],
            [
              6.4033954,
              46.5142957
            ],
            [
              6.4035836,
              46.5141606
            ],
            [
              6.4038733,
              46.5140468
            ],
            [
              6.4042103,
              46.5138022
            ],
            [
              6.4044871,
              46.5134959
            ],
            [
              6.4037634,
              46.513022
            ],
            [
              6.4034144,
              46.5127954
            ],
            [
              6.4042388,
              46.5121698
            ],
            [
              6.404349,
              46.5122351
            ],
            [
              6.4056589,
              46.5116377
            ],
            [
              6.4089431,
              46.5107238
            ],
            [
              6.4097422,
              46.5103387
            ],
            [
              6.4105273,
              46.5106649
            ],
            [
              6.4109755,
              46.5109405
            ],
            [
              6.4111961,
              46.510848
            ],
            [
              6.4117223,
              46.5112083
            ],
            [
              6.4156844,
              46.5099412
            ],
            [
              6.4159303,
              46.5099393
            ],
            [
              6.416232,
              46.51052
            ],
            [
              6.4163137,
              46.5110634
            ],
            [
              6.416548,
              46.5110441
            ],
            [
              6.4170794,
              46.5108084
            ],
            [
              6.417356,
              46.5108508
            ],
            [
              6.4174464,
              46.5108464
            ],
            [
              6.417599,
              46.5107646
            ],
            [
              6.4176645,
              46.5107623
            ],
            [
              6.4179268,
              46.5108823
            ],
            [
              6.4180661,
              46.5110279
            ],
            [
              6.4183566,
              46.5111193
            ],
            [
              6.4185013,
              46.5110947
            ],
            [
              6.418601,
              46.5109251
            ],
            [
              6.4187481,
              46.5108889
            ],
            [
              6.4189963,
              46.510982
            ],
            [
              6.4193262,
              46.510897
            ],
            [
              6.4199757,
              46.5109716
            ],
            [
              6.4200451,
              46.5109419
            ],
            [
              6.4200676,
              46.5108066
            ],
            [
              6.4202409,
              46.5106293
            ],
            [
              6.4202889,
              46.5106287
            ],
            [
              6.4209796,
              46.5106191
            ],
            [
              6.4210974,
              46.5106118
            ],
            [
              6.4211168,
              46.5106114
            ],
            [
              6.4211614,
              46.5107494
            ],
            [
              6.4211893,
              46.5108358
            ],
            [
              6.4213037,
              46.5111897
            ],
            [
              6.4214187,
              46.5111574
            ],
            [
              6.4217352,
              46.5114573
            ],
            [
              6.4220362,
              46.51133
            ],
            [
              6.4240354,
              46.5124798
            ],
            [
              6.4244766,
              46.5124374
            ],
            [
              6.4254182,
              46.5125727
            ],
            [
              6.4255693,
              46.5125554
            ],
            [
              6.4252911,
              46.5131054
            ],
            [
              6.4250695,
              46.5130624
            ],
            [
              6.4244847,
              46.5139459
            ],
            [
              6.4253805,
              46.514129
            ],
            [
              6.4262621,
              46.5141926
            ],
            [
              6.4261143,
              46.5149431
            ],
            [
              6.4267285,
              46.5149024
            ],
            [
              6.4269886,
              46.5148361
            ],
            [
              6.4276978,
              46.5144758
            ],
            [
              6.4278979,
              46.5143253
            ],
            [
              6.4286343,
              46.51353
            ],
            [
              6.4288001,
              46.5130784
            ],
            [
              6.4304895,
              46.5147123
            ],
            [
              6.4302719,
              46.5148276
            ],
            [
              6.4311773,
              46.5156205
            ],
            [
              6.4323885,
              46.5165808
            ],
            [
              6.4338003,
              46.5157505
            ],
            [
              6.4339193,
              46.5158541
            ],
            [
              6.4349371,
              46.5153402
            ],
            [
              6.4365842,
              46.5146123
            ],
            [
              6.4365758,
              46.5148829
            ],
            [
              6.4367629,
              46.5151103
            ],
            [
              6.4367109,
              46.5154241
            ],
            [
              6.4367872,
              46.5156618
            ],
            [
              6.4366235,
              46.5158608
            ],
            [
              6.4366536,
              46.5159646
            ],
            [
              6.4365864,
              46.5160977
            ],
            [
              6.4367313,
              46.5162521
            ],
            [
              6.4368337,
              46.5162738
            ],
            [
              6.437139,
              46.5166207
            ],
            [
              6.4370378,
              46.5169126
            ],
            [
              6.4372403,
              46.5172366
            ],
            [
              6.4371267,
              46.5172997
            ],
            [
              6.4370811,
              46.5173912
            ],
            [
              6.4372083,
              46.5175663
            ],
            [
              6.437157,
              46.5176967
            ],
            [
              6.4371918,
              46.5178972
            ],
            [
              6.4373942,
              46.5184499
            ],
            [
              6.4378014,
              46.5188366
            ],
            [
              6.4381949,
              46.5189452
            ],
            [
              6.4383419,
              46.5191158
            ],
            [
              6.4387237,
              46.5192869
            ],
            [
              6.4387555,
              46.519259
            ],
            [
              6.4391023,
              46.5189546
            ],
            [
              6.4391075,
              46.51895
            ],
            [
              6.4407105,
              46.5195413
            ],
            [
              6.4388578,
              46.5211681
            ],
            [
              6.4382632,
              46.5209323
            ],
            [
              6.4370525,
              46.5220278
            ],
            [
              6.4364036,
              46.5226171
            ],
            [
              6.4363758,
              46.5226521
            ],
            [
              6.4363244,
              46.522714
            ],
            [
              6.4353819,
              46.5228708
            ],
            [
              6.4349685,
              46.5230221
            ],
            [
              6.4352304,
              46.523243
            ],
            [
              6.4343953,
              46.5237219
            ],
            [
              6.4327457,
              46.5247816
            ],
            [
              6.4320725,
              46.5244984
            ],
            [
              6.43159,
              46.5251414
            ],
            [
              6.4312318,
              46.5254812
            ],
            [
              6.4305914,
              46.5259949
            ],
            [
              6.4304815,
              46.5260326
            ],
            [
              6.4304572,
              46.52587
            ],
            [
              6.4286985,
              46.5262103
            ],
            [
              6.4285064,
              46.526229
            ],
            [
              6.4284986,
              46.5262328
            ],
            [
              6.4284972,
              46.5262427
            ],
            [
              6.4283009,
              46.5263579
            ],
            [
              6.4281606,
              46.5264813
            ],
            [
              6.4281413,
              46.5265275
            ],
            [
              6.4280853,
              46.5265815
            ],
            [
              6.4280948,
              46.5266233
            ],
            [
              6.4280551,
              46.5266783
            ],
            [
              6.4280283,
              46.5267495
            ],
            [
              6.42789,
              46.526829
            ],
            [
              6.4277639,
              46.5270747
            ],
            [
              6.4277347,
              46.5272498
            ],
            [
              6.4277479,
              46.5273043
            ],
            [
              6.4276833,
              46.5273644
            ],
            [
              6.4276728,
              46.5274272
            ],
            [
              6.4276412,
              46.5274918
            ],
            [
              6.4275923,
              46.5275483
            ],
            [
              6.4275586,
              46.5275816
            ],
            [
              6.4275184,
              46.5276543
            ],
            [
              6.4274581,
              46.5277078
            ],
            [
              6.4273999,
              46.5277237
            ],
            [
              6.4272264,
              46.5277853
            ],
            [
              6.4269232,
              46.527856
            ],
            [
              6.4264117,
              46.5279996
            ],
            [
              6.4262572,
              46.528142
            ],
            [
              6.4261788,
              46.528202
            ],
            [
              6.4258525,
              46.5285214
            ],
            [
              6.4257199,
              46.5286442
            ],
            [
              6.4253313,
              46.5289967
            ],
            [
              6.4247944,
              46.5294625
            ],
            [
              6.4242875,
              46.5298767
            ],
            [
              6.4239626,
              46.5297287
            ],
            [
              6.4228482,
              46.5291669
            ],
            [
              6.4220827,
              46.530911
            ],
            [
              6.4217826,
              46.5311429
            ],
            [
              6.4214952,
              46.5313806
            ],
            [
              6.4212178,
              46.5315559
            ],
            [
              6.4210022,
              46.5315284
            ],
            [
              6.4209172,
              46.531574
            ],
            [
              6.4202823,
              46.5319142
            ],
            [
              6.4202338,
              46.5319699
            ],
            [
              6.420387,
              46.5321349
            ],
            [
              6.4204682,
              46.5322725
            ],
            [
              6.4205154,
              46.5325513
            ],
            [
              6.4204872,
              46.5327602
            ],
            [
              6.4205118,
              46.533029
            ],
            [
              6.4207383,
              46.5334059
            ],
            [
              6.4209406,
              46.5337222
            ],
            [
              6.4209021,
              46.5338116
            ],
            [
              6.4206772,
              46.5339982
            ],
            [
              6.4205196,
              46.534146
            ],
            [
              6.4203768,
              46.5342873
            ],
            [
              6.420315,
              46.5345594
            ],
            [
              6.4203396,
              46.5350824
            ],
            [
              6.420305,
              46.5350905
            ],
            [
              6.4201553,
              46.5349624
            ],
            [
              6.4200248,
              46.5349057
            ],
            [
              6.4199012,
              46.5349127
            ],
            [
              6.4195662,
              46.5349704
            ],
            [
              6.4191488,
              46.5350101
            ],
            [
              6.418839,
              46.5350441
            ],
            [
              6.4185516,
              46.5351239
            ],
            [
              6.4182645,
              46.5352311
            ],
            [
              6.4180871,
              46.5353386
            ],
            [
              6.417909,
              46.5354054
            ],
            [
              6.4142975,
              46.5353382
            ],
            [
              6.4136335,
              46.5360779
            ],
            [
              6.414084,
              46.5362542
            ],
            [
              6.4138655,
              46.5362537
            ],
            [
              6.4133441,
              46.5363228
            ],
            [
              6.4132341,
              46.5363329
            ],
            [
              6.4119348,
              46.5366919
            ],
            [
              6.4114756,
              46.5368215
            ],
            [
              6.4113179,
              46.5367571
            ],
            [
              6.4104935,
              46.5371746
            ],
            [
              6.4086816,
              46.5380884
            ],
            [
              6.4063317,
              46.5388176
            ],
            [
              6.4062696,
              46.5388216
            ],
            [
              6.4038718,
              46.5390144
            ],
            [
              6.4023249,
              46.5391692
            ],
            [
              6.4023294,
              46.5392123
            ],
            [
              6.4005257,
              46.5393934
            ],
            [
              6.4006054,
              46.5397771
            ],
            [
              6.4005439,
              46.539786
            ],
            [
              6.3987489,
              46.539974
            ],
            [
              6.3987065,
              46.5397997
            ],
            [
              6.3971625,
              46.5399551
            ],
            [
              6.3971172,
              46.5396376
            ],
            [
              6.3955321,
              46.5397473
            ],
            [
              6.3955428,
              46.5401805
            ],
            [
              6.3948471,
              46.5401749
            ],
            [
              6.3947963,
              46.5414484
            ],
            [
              6.3947316,
              46.5417253
            ],
            [
              6.3919983,
              46.5409856
            ],
            [
              6.3919992,
              46.5414062
            ],
            [
              6.3910536,
              46.544041
            ],
            [
              6.3906909,
              46.5443662
            ],
            [
              6.3880193,
              46.5458583
            ],
            [
              6.3875892,
              46.5462501
            ],
            [
              6.3870775,
              46.5465052
            ],
            [
              6.3860306,
              46.546841
            ],
            [
              6.3855549,
              46.5466011
            ],
            [
              6.3851181,
              46.5463007
            ],
            [
              6.3847209,
              46.5459153
            ],
            [
              6.3845212,
              46.5456101
            ],
            [
              6.3841414,
              46.5453083
            ],
            [
              6.3831597,
              46.544682
            ],
            [
              6.3820956,
              46.5438244
            ],
            [
              6.3815304,
              46.5433018
            ],
            [
              6.3810101,
              46.5430501
            ],
            [
              6.3791193,
              46.5405724
            ],
            [
              6.3788499,
              46.5402903
            ],
            [
              6.378471,
              46.5400425
            ],
            [
              6.378216,
              46.5397085
            ],
            [
              6.3776147,
              46.5391481
            ],
            [
              6.3772236,
              46.5389256
            ],
            [
              6.3755944,
              46.5384658
            ],
            [
              6.3738471,
              46.5377468
            ],
            [
              6.3732818,
              46.5376805
            ],
            [
              6.373194,
              46.5376458
            ],
            [
              6.3726279,
              46.5372567
            ],
            [
              6.3720191,
              46.5370527
            ],
            [
              6.3703022,
              46.5366805
            ]
          ]
        ]
      }
    },
    {
      "type": "Feature",
      "properties": {
        "id": "lausanne",
        "name": "Lausanne",
        "displayName": "Lausanne, District de Lausanne, Vaud, Schweiz/Suisse/Svizzera/Svizra",
        "class": "boundary",
        "type": "administrative"
      },
      "geometry": {
        "type": "MultiPolygon",
        "coordinates": [
          [
            [
              [
                6.583863,
                46.5518783
              ],
              [
                6.5863154,
                46.5518446
              ],
              [
                6.5883974,
                46.5533827
              ],
              [
                6.5891002,
                46.5554603
              ],
              [
                6.5891724,
                46.5555177
              ],
              [
                6.589224,
                46.5556796
              ],
              [
                6.5893498,
                46.5557994
              ],
              [
                6.5893914,
                46.5559068
              ],
              [
                6.5893715,
                46.5559763
              ],
              [
                6.5894479,
                46.5560807
              ],
              [
                6.5894421,
                46.5560974
              ],
              [
                6.5894345,
                46.5562305
              ],
              [
                6.5895948,
                46.556447
              ],
              [
                6.5897216,
                46.5564918
              ],
              [
                6.5897812,
                46.5565663
              ],
              [
                6.5898481,
                46.5567205
              ],
              [
                6.5898788,
                46.5567459
              ],
              [
                6.5899688,
                46.5567908
              ],
              [
                6.5900062,
                46.5568064
              ],
              [
                6.5900948,
                46.5568785
              ],
              [
                6.590282,
                46.5570448
              ],
              [
                6.590409,
                46.5571182
              ],
              [
                6.5906052,
                46.5571707
              ],
              [
                6.5906564,
                46.5571991
              ],
              [
                6.5906606,
                46.5572155
              ],
              [
                6.5922183,
                46.559786
              ],
              [
                6.592553,
                46.560137
              ],
              [
                6.5927729,
                46.5603742
              ],
              [
                6.5928876,
                46.5604889
              ],
              [
                6.5929534,
                46.5606064
              ],
              [
                6.5930511,
                46.5607157
              ],
              [
                6.5931379,
                46.5607601
              ],
              [
                6.5932499,
                46.5607907
              ],
              [
                6.5933412,
                46.5608584
              ],
              [
                6.5934042,
                46.5609254
              ],
              [
                6.5934367,
                46.5610017
              ],
              [
                6.5934991,
                46.5610147
              ],
              [
                6.5936115,
                46.5610148
              ],
              [
                6.5936331,
                46.5610273
              ],
              [
                6.5937278,
                46.5611835
              ],
              [
                6.593756,
                46.5611925
              ],
              [
                6.5938982,
                46.5612152
              ],
              [
                6.5938937,
                46.5612918
              ],
              [
                6.5938977,
                46.5613101
              ],
              [
                6.5939853,
                46.5613649
              ],
              [
                6.5940674,
                46.561369
              ],
              [
                6.5941841,
                46.5614545
              ],
              [
                6.5942087,
                46.5614605
              ],
              [
                6.5942502,
                46.5615639
              ],
              [
                6.5943087,
                46.5616352
              ],
              [
                6.594348,
                46.5617292
              ],
              [
                6.5944198,
                46.5617863
              ],
              [
                6.5944252,
                46.561925
              ],
              [
                6.5945052,
                46.5620114
              ],
              [
                6.5945176,
                46.5621017
              ],
              [
                6.5946446,
                46.5621748
              ],
              [
                6.5946625,
                46.5621808
              ],
              [
                6.5947564,
                46.5622973
              ],
              [
                6.5948253,
                46.5623245
              ],
              [
                6.5948387,
                46.5623649
              ],
              [
                6.5948555,
                46.5623985
              ],
              [
                6.5948779,
                46.5624309
              ],
              [
                6.5950307,
                46.562544
              ],
              [
                6.5951169,
                46.5625606
              ],
              [
                6.5952882,
                46.562678
              ],
              [
                6.595505,
                46.5627586
              ],
              [
                6.5955359,
                46.5627562
              ],
              [
                6.5955833,
                46.5627629
              ],
              [
                6.5956563,
                46.5627958
              ],
              [
                6.5957255,
                46.5627858
              ],
              [
                6.5957552,
                46.5627625
              ],
              [
                6.5959975,
                46.5627165
              ],
              [
                6.5960731,
                46.5627377
              ],
              [
                6.5962936,
                46.562677
              ],
              [
                6.5965063,
                46.5626935
              ],
              [
                6.5965828,
                46.5626684
              ],
              [
                6.5966093,
                46.5626678
              ],
              [
                6.5967124,
                46.5626941
              ],
              [
                6.596953,
                46.5627023
              ],
              [
                6.5970668,
                46.5626602
              ],
              [
                6.5970907,
                46.5626558
              ],
              [
                6.5970411,
                46.5627106
              ],
              [
                6.5969669,
                46.5628199
              ],
              [
                6.5968482,
                46.5629219
              ],
              [
                6.5965403,
                46.5630809
              ],
              [
                6.5964779,
                46.5631382
              ],
              [
                6.5963889,
                46.5633196
              ],
              [
                6.5963589,
                46.5634936
              ],
              [
                6.5963603,
                46.5635433
              ],
              [
                6.5964006,
                46.5636687
              ],
              [
                6.5963619,
                46.5637197
              ],
              [
                6.5962344,
                46.5638265
              ],
              [
                6.5961122,
                46.563949
              ],
              [
                6.5959838,
                46.5641083
              ],
              [
                6.5958524,
                46.5643087
              ],
              [
                6.5956328,
                46.5646142
              ],
              [
                6.5953317,
                46.565091
              ],
              [
                6.5951274,
                46.5654531
              ],
              [
                6.5951266,
                46.5655008
              ],
              [
                6.5951474,
                46.5655456
              ],
              [
                6.5952271,
                46.5655439
              ],
              [
                6.5953288,
                46.565564
              ],
              [
                6.5953583,
                46.5655452
              ],
              [
                6.5954388,
                46.5655657
              ],
              [
                6.5954802,
                46.5655912
              ],
              [
                6.5955574,
                46.5656598
              ],
              [
                6.5955385,
                46.5657075
              ],
              [
                6.5956307,
                46.5657785
              ],
              [
                6.5956545,
                46.5657877
              ],
              [
                6.59578,
                46.5658616
              ],
              [
                6.5958351,
                46.5659365
              ],
              [
                6.5958484,
                46.5659255
              ],
              [
                6.5961237,
                46.5661765
              ],
              [
                6.5962515,
                46.5662653
              ],
              [
                6.5962752,
                46.5663618
              ],
              [
                6.5964664,
                46.5668113
              ],
              [
                6.5968307,
                46.5671422
              ],
              [
                6.5970929,
                46.5677392
              ],
              [
                6.5981985,
                46.5675725
              ],
              [
                6.5989335,
                46.5674324
              ],
              [
                6.5995207,
                46.5674136
              ],
              [
                6.5997952,
                46.5673713
              ],
              [
                6.6004469,
                46.5682847
              ],
              [
                6.6004132,
                46.5683381
              ],
              [
                6.6006154,
                46.5685645
              ],
              [
                6.6007223,
                46.5697622
              ],
              [
                6.604701,
                46.56952
              ],
              [
                6.6049308,
                46.5694734
              ],
              [
                6.6072762,
                46.5694715
              ],
              [
                6.6075848,
                46.5695763
              ],
              [
                6.6078123,
                46.5695577
              ],
              [
                6.6089299,
                46.5693542
              ],
              [
                6.6114821,
                46.569362
              ],
              [
                6.6121051,
                46.5692092
              ],
              [
                6.6120646,
                46.5688537
              ],
              [
                6.6120232,
                46.5679347
              ],
              [
                6.6123638,
                46.567917
              ],
              [
                6.6132139,
                46.5680596
              ],
              [
                6.6153766,
                46.5681789
              ],
              [
                6.6173985,
                46.5678186
              ],
              [
                6.6174333,
                46.5670588
              ],
              [
                6.6174139,
                46.5666964
              ],
              [
                6.617535,
                46.5664998
              ],
              [
                6.6176891,
                46.5660939
              ],
              [
                6.6178148,
                46.5660935
              ],
              [
                6.6178547,
                46.566125
              ],
              [
                6.6178663,
                46.566175
              ],
              [
                6.6179363,
                46.5662077
              ],
              [
                6.6180172,
                46.5662643
              ],
              [
                6.6180737,
                46.5663088
              ],
              [
                6.6181736,
                46.5664281
              ],
              [
                6.6182133,
                46.5665126
              ],
              [
                6.6182733,
                46.5665831
              ],
              [
                6.6183065,
                46.5666465
              ],
              [
                6.6183374,
                46.5666627
              ],
              [
                6.6184123,
                46.5666564
              ],
              [
                6.6184478,
                46.5666831
              ],
              [
                6.6185256,
                46.5666948
              ],
              [
                6.6186368,
                46.5667619
              ],
              [
                6.6187359,
                46.566826
              ],
              [
                6.6188211,
                46.5669226
              ],
              [
                6.6189096,
                46.5669555
              ],
              [
                6.6191327,
                46.5669806
              ],
              [
                6.61919,
                46.5669934
              ],
              [
                6.6192564,
                46.5670338
              ],
              [
                6.6193023,
                46.5670256
              ],
              [
                6.6193552,
                46.5670579
              ],
              [
                6.619516,
                46.5671111
              ],
              [
                6.6196059,
                46.5671547
              ],
              [
                6.6197235,
                46.5671919
              ],
              [
                6.6198695,
                46.5672428
              ],
              [
                6.6200022,
                46.5672757
              ],
              [
                6.6203127,
                46.5673349
              ],
              [
                6.6204022,
                46.5674024
              ],
              [
                6.6204924,
                46.5674178
              ],
              [
                6.6206233,
                46.5674471
              ],
              [
                6.6207129,
                46.5675054
              ],
              [
                6.6208851,
                46.5675197
              ],
              [
                6.6209546,
                46.5675125
              ],
              [
                6.6211546,
                46.5675564
              ],
              [
                6.6212852,
                46.5676175
              ],
              [
                6.6213449,
                46.5676656
              ],
              [
                6.6214015,
                46.5676981
              ],
              [
                6.6215414,
                46.5677992
              ],
              [
                6.6216049,
                46.5678293
              ],
              [
                6.6216691,
                46.5678204
              ],
              [
                6.6218427,
                46.5678459
              ],
              [
                6.6219072,
                46.5678465
              ],
              [
                6.6222544,
                46.5678855
              ],
              [
                6.6226711,
                46.5681206
              ],
              [
                6.6228967,
                46.5683146
              ],
              [
                6.6235378,
                46.5688538
              ],
              [
                6.6237672,
                46.5692367
              ],
              [
                6.6240914,
                46.5696273
              ],
              [
                6.6245241,
                46.5700063
              ],
              [
                6.6248215,
                46.5703384
              ],
              [
                6.6253637,
                46.5706088
              ],
              [
                6.6254298,
                46.5705497
              ],
              [
                6.6256967,
                46.5707039
              ],
              [
                6.6259733,
                46.5708803
              ],
              [
                6.6266135,
                46.571318
              ],
              [
                6.627076,
                46.5717053
              ],
              [
                6.6276339,
                46.5722116
              ],
              [
                6.6278451,
                46.5724216
              ],
              [
                6.6281301,
                46.5728226
              ],
              [
                6.6283332,
                46.5731504
              ],
              [
                6.6285476,
                46.5736423
              ],
              [
                6.628539,
                46.573841
              ],
              [
                6.6284985,
                46.5738946
              ],
              [
                6.6284253,
                46.5739311
              ],
              [
                6.6284516,
                46.5739625
              ],
              [
                6.6285227,
                46.5740227
              ],
              [
                6.6285779,
                46.5741238
              ],
              [
                6.6286041,
                46.5741208
              ],
              [
                6.6286428,
                46.5741486
              ],
              [
                6.6286321,
                46.5741828
              ],
              [
                6.6286353,
                46.5742026
              ],
              [
                6.6286759,
                46.5742842
              ],
              [
                6.6287277,
                46.5743251
              ],
              [
                6.6287535,
                46.5743718
              ],
              [
                6.6287497,
                46.5743947
              ],
              [
                6.6287084,
                46.5744181
              ],
              [
                6.6286856,
                46.5744515
              ],
              [
                6.6286961,
                46.5744731
              ],
              [
                6.6287101,
                46.5744761
              ],
              [
                6.6287511,
                46.5744595
              ],
              [
                6.6287671,
                46.5744657
              ],
              [
                6.6287946,
                46.5745059
              ],
              [
                6.6288482,
                46.5745656
              ],
              [
                6.6288832,
                46.5745826
              ],
              [
                6.6289091,
                46.5745522
              ],
              [
                6.6289505,
                46.5745613
              ],
              [
                6.6289705,
                46.5745815
              ],
              [
                6.6288884,
                46.5746536
              ],
              [
                6.6288702,
                46.5746875
              ],
              [
                6.6289006,
                46.5747012
              ],
              [
                6.6289414,
                46.5746969
              ],
              [
                6.6289688,
                46.5747071
              ],
              [
                6.6290015,
                46.5747075
              ],
              [
                6.6290275,
                46.5746931
              ],
              [
                6.6290664,
                46.5747035
              ],
              [
                6.629096,
                46.5747316
              ],
              [
                6.6291966,
                46.5747499
              ],
              [
                6.6292014,
                46.5747713
              ],
              [
                6.6291959,
                46.5747921
              ],
              [
                6.6291613,
                46.5748103
              ],
              [
                6.6291421,
                46.5748429
              ],
              [
                6.6291613,
                46.5748533
              ],
              [
                6.6292059,
                46.5748589
              ],
              [
                6.6292737,
                46.5748929
              ],
              [
                6.6293271,
                46.5749149
              ],
              [
                6.6293146,
                46.5749346
              ],
              [
                6.6293197,
                46.5749848
              ],
              [
                6.6294329,
                46.5751101
              ],
              [
                6.6294643,
                46.5752019
              ],
              [
                6.6295102,
                46.5752246
              ],
              [
                6.6295247,
                46.5752411
              ],
              [
                6.6295206,
                46.5752868
              ],
              [
                6.6295235,
                46.5752944
              ],
              [
                6.6295412,
                46.5753024
              ],
              [
                6.6295778,
                46.5753016
              ],
              [
                6.6296058,
                46.5753078
              ],
              [
                6.6296144,
                46.5753259
              ],
              [
                6.6296034,
                46.5753378
              ],
              [
                6.6296048,
                46.5753912
              ],
              [
                6.6295902,
                46.5754164
              ],
              [
                6.6295919,
                46.5754338
              ],
              [
                6.6296166,
                46.5754455
              ],
              [
                6.6296874,
                46.5754389
              ],
              [
                6.6297224,
                46.575455
              ],
              [
                6.6297346,
                46.5755046
              ],
              [
                6.6297105,
                46.5755278
              ],
              [
                6.6296934,
                46.5755523
              ],
              [
                6.6297105,
                46.5755739
              ],
              [
                6.6297448,
                46.575589
              ],
              [
                6.6298036,
                46.5755769
              ],
              [
                6.6298335,
                46.5755904
              ],
              [
                6.6298386,
                46.5756238
              ],
              [
                6.6298714,
                46.5756457
              ],
              [
                6.6298815,
                46.5756929
              ],
              [
                6.6299189,
                46.5757335
              ],
              [
                6.62995,
                46.5757531
              ],
              [
                6.6299493,
                46.5757752
              ],
              [
                6.6299424,
                46.5757959
              ],
              [
                6.6298811,
                46.5758903
              ],
              [
                6.6298684,
                46.5759332
              ],
              [
                6.6298176,
                46.5759652
              ],
              [
                6.6297537,
                46.5759539
              ],
              [
                6.6297184,
                46.5759841
              ],
              [
                6.6296855,
                46.5761203
              ],
              [
                6.6297096,
                46.5761546
              ],
              [
                6.6297607,
                46.5761982
              ],
              [
                6.6297798,
                46.5762224
              ],
              [
                6.6297859,
                46.5762676
              ],
              [
                6.6297559,
                46.5763103
              ],
              [
                6.62978,
                46.5763486
              ],
              [
                6.6298657,
                46.5763674
              ],
              [
                6.6299111,
                46.5763941
              ],
              [
                6.6299186,
                46.5764331
              ],
              [
                6.6299484,
                46.5764672
              ],
              [
                6.6300169,
                46.5765108
              ],
              [
                6.6300222,
                46.5765371
              ],
              [
                6.6299982,
                46.5765748
              ],
              [
                6.6299917,
                46.5766051
              ],
              [
                6.6298918,
                46.5766646
              ],
              [
                6.6298631,
                46.5766883
              ],
              [
                6.629856,
                46.5767124
              ],
              [
                6.6299006,
                46.5767395
              ],
              [
                6.6299135,
                46.5767771
              ],
              [
                6.6299144,
                46.5768217
              ],
              [
                6.6298961,
                46.5768541
              ],
              [
                6.6298988,
                46.5768759
              ],
              [
                6.6299421,
                46.5769136
              ],
              [
                6.6299349,
                46.5769605
              ],
              [
                6.6299046,
                46.5769759
              ],
              [
                6.629837,
                46.5769873
              ],
              [
                6.629764,
                46.5770197
              ],
              [
                6.6297105,
                46.5770788
              ],
              [
                6.6297781,
                46.5771505
              ],
              [
                6.6298292,
                46.5773067
              ],
              [
                6.6298215,
                46.5773579
              ],
              [
                6.6298397,
                46.5774111
              ],
              [
                6.6299118,
                46.5774435
              ],
              [
                6.6298715,
                46.5774917
              ],
              [
                6.6298619,
                46.57752
              ],
              [
                6.6299004,
                46.5775622
              ],
              [
                6.6298345,
                46.5775968
              ],
              [
                6.6298144,
                46.5776361
              ],
              [
                6.6298522,
                46.5776631
              ],
              [
                6.6298737,
                46.5776911
              ],
              [
                6.6298836,
                46.5778045
              ],
              [
                6.629891,
                46.5778408
              ],
              [
                6.6299621,
                46.5778661
              ],
              [
                6.6299136,
                46.5779282
              ],
              [
                6.6299581,
                46.5779994
              ],
              [
                6.6299265,
                46.5780452
              ],
              [
                6.6299253,
                46.5780818
              ],
              [
                6.6299457,
                46.5781205
              ],
              [
                6.6298907,
                46.5781617
              ],
              [
                6.6298752,
                46.5782015
              ],
              [
                6.6298876,
                46.5782292
              ],
              [
                6.6299217,
                46.5782432
              ],
              [
                6.6299472,
                46.5782723
              ],
              [
                6.6299448,
                46.5783342
              ],
              [
                6.6299259,
                46.5783458
              ],
              [
                6.6298708,
                46.5783393
              ],
              [
                6.6298419,
                46.5783391
              ],
              [
                6.6298283,
                46.5783672
              ],
              [
                6.6298225,
                46.5784
              ],
              [
                6.6298335,
                46.5784153
              ],
              [
                6.6298351,
                46.5784308
              ],
              [
                6.6298255,
                46.5785403
              ],
              [
                6.6298585,
                46.5785387
              ],
              [
                6.6299789,
                46.5786358
              ],
              [
                6.6298952,
                46.5786273
              ],
              [
                6.6296955,
                46.5787343
              ],
              [
                6.6294542,
                46.5788187
              ],
              [
                6.6293528,
                46.5788625
              ],
              [
                6.6293081,
                46.5789034
              ],
              [
                6.6292872,
                46.5789488
              ],
              [
                6.6292579,
                46.5789631
              ],
              [
                6.6291866,
                46.5790244
              ],
              [
                6.6291717,
                46.579065
              ],
              [
                6.6291706,
                46.5791283
              ],
              [
                6.6291065,
                46.5791526
              ],
              [
                6.6290001,
                46.5791115
              ],
              [
                6.6288988,
                46.5790622
              ],
              [
                6.6288175,
                46.5789953
              ],
              [
                6.6287226,
                46.5789446
              ],
              [
                6.6286119,
                46.5789227
              ],
              [
                6.6284721,
                46.5789329
              ],
              [
                6.6283543,
                46.5789228
              ],
              [
                6.6281641,
                46.5789304
              ],
              [
                6.6279242,
                46.5789183
              ],
              [
                6.6278186,
                46.5789296
              ],
              [
                6.6275848,
                46.5788612
              ],
              [
                6.6273695,
                46.5787811
              ],
              [
                6.6272009,
                46.578761
              ],
              [
                6.6270941,
                46.5787844
              ],
              [
                6.6270011,
                46.5788161
              ],
              [
                6.6268275,
                46.5787464
              ],
              [
                6.626625,
                46.5787342
              ],
              [
                6.6265721,
                46.5787472
              ],
              [
                6.626389,
                46.5787748
              ],
              [
                6.6263254,
                46.5788019
              ],
              [
                6.6263339,
                46.5788465
              ],
              [
                6.6263954,
                46.5788932
              ],
              [
                6.6263809,
                46.5789459
              ],
              [
                6.6263354,
                46.5789743
              ],
              [
                6.6261591,
                46.5790352
              ],
              [
                6.6260703,
                46.579244
              ],
              [
                6.6259041,
                46.5792423
              ],
              [
                6.6259502,
                46.5791522
              ],
              [
                6.6258834,
                46.5790919
              ],
              [
                6.6255834,
                46.5791844
              ],
              [
                6.6255086,
                46.5792996
              ],
              [
                6.6254594,
                46.5793932
              ],
              [
                6.6253557,
                46.5794444
              ],
              [
                6.6251833,
                46.5794442
              ],
              [
                6.6250901,
                46.5794295
              ],
              [
                6.6250794,
                46.5793937
              ],
              [
                6.6251074,
                46.5793204
              ],
              [
                6.6251065,
                46.5792944
              ],
              [
                6.6250457,
                46.5792981
              ],
              [
                6.6248845,
                46.5793816
              ],
              [
                6.6248308,
                46.579456
              ],
              [
                6.6245483,
                46.5794876
              ],
              [
                6.6244367,
                46.5794787
              ],
              [
                6.624257,
                46.579366
              ],
              [
                6.6241557,
                46.57938
              ],
              [
                6.6240656,
                46.5794729
              ],
              [
                6.6240274,
                46.5796507
              ],
              [
                6.6238611,
                46.5797483
              ],
              [
                6.6237518,
                46.5798447
              ],
              [
                6.6236866,
                46.5799329
              ],
              [
                6.6236543,
                46.5799596
              ],
              [
                6.6236004,
                46.5799665
              ],
              [
                6.6234971,
                46.579906
              ],
              [
                6.6234247,
                46.5798946
              ],
              [
                6.6233129,
                46.5799993
              ],
              [
                6.6231861,
                46.5800221
              ],
              [
                6.623085,
                46.5800301
              ],
              [
                6.6229442,
                46.5800945
              ],
              [
                6.6228709,
                46.5801882
              ],
              [
                6.6228281,
                46.5803214
              ],
              [
                6.622741,
                46.5803672
              ],
              [
                6.6227135,
                46.580429
              ],
              [
                6.6225998,
                46.5804846
              ],
              [
                6.622425,
                46.5804487
              ],
              [
                6.6220977,
                46.5804272
              ],
              [
                6.6220099,
                46.5804633
              ],
              [
                6.6219653,
                46.5805642
              ],
              [
                6.6219599,
                46.5806572
              ],
              [
                6.6220057,
                46.5806882
              ],
              [
                6.6220376,
                46.5807794
              ],
              [
                6.6220207,
                46.5808027
              ],
              [
                6.6218575,
                46.5809208
              ],
              [
                6.6218532,
                46.5809395
              ],
              [
                6.6218113,
                46.580938
              ],
              [
                6.6216932,
                46.5808948
              ],
              [
                6.6216224,
                46.5809428
              ],
              [
                6.6215501,
                46.5810158
              ],
              [
                6.6214509,
                46.5810529
              ],
              [
                6.6213813,
                46.581136
              ],
              [
                6.6213121,
                46.5811304
              ],
              [
                6.6211897,
                46.5810442
              ],
              [
                6.6211427,
                46.5809696
              ],
              [
                6.6210617,
                46.5807845
              ],
              [
                6.6209733,
                46.5807217
              ],
              [
                6.6208748,
                46.5807573
              ],
              [
                6.6206683,
                46.5809613
              ],
              [
                6.6205363,
                46.5811575
              ],
              [
                6.6205124,
                46.5811743
              ],
              [
                6.6203333,
                46.5811127
              ],
              [
                6.6202629,
                46.5811895
              ],
              [
                6.6202676,
                46.581206
              ],
              [
                6.6204141,
                46.5813027
              ],
              [
                6.6205242,
                46.5814382
              ],
              [
                6.6205061,
                46.5815569
              ],
              [
                6.620471,
                46.5815804
              ],
              [
                6.620331,
                46.5815962
              ],
              [
                6.6202824,
                46.5816876
              ],
              [
                6.6202338,
                46.5817543
              ],
              [
                6.6202026,
                46.5817696
              ],
              [
                6.6200557,
                46.581826
              ],
              [
                6.619897,
                46.581851
              ],
              [
                6.6198312,
                46.5817622
              ],
              [
                6.6197918,
                46.5816506
              ],
              [
                6.619714,
                46.5815665
              ],
              [
                6.6196486,
                46.581516
              ],
              [
                6.619525,
                46.5815022
              ],
              [
                6.6194555,
                46.5815214
              ],
              [
                6.6194233,
                46.5815374
              ],
              [
                6.6193206,
                46.5816311
              ],
              [
                6.6192342,
                46.5816499
              ],
              [
                6.6191886,
                46.5816456
              ],
              [
                6.6190253,
                46.5816106
              ],
              [
                6.6188785,
                46.5816289
              ],
              [
                6.6187636,
                46.5816229
              ],
              [
                6.6185809,
                46.5815788
              ],
              [
                6.6183129,
                46.5815618
              ],
              [
                6.6180826,
                46.5815711
              ],
              [
                6.6179594,
                46.5815526
              ],
              [
                6.6178668,
                46.5815237
              ],
              [
                6.6176562,
                46.5815314
              ],
              [
                6.617433,
                46.5816265
              ],
              [
                6.6173269,
                46.5816428
              ],
              [
                6.6172034,
                46.5816029
              ],
              [
                6.6171296,
                46.5815988
              ],
              [
                6.6170658,
                46.581637
              ],
              [
                6.6167996,
                46.5817307
              ],
              [
                6.6166962,
                46.5816907
              ],
              [
                6.6165606,
                46.5816782
              ],
              [
                6.616531,
                46.5816837
              ],
              [
                6.6164223,
                46.581704
              ],
              [
                6.6163032,
                46.5817074
              ],
              [
                6.6161883,
                46.581715
              ],
              [
                6.6160505,
                46.5817332
              ],
              [
                6.6158919,
                46.5817456
              ],
              [
                6.6157197,
                46.5817098
              ],
              [
                6.6155728,
                46.5816673
              ],
              [
                6.6154227,
                46.5816381
              ],
              [
                6.6153544,
                46.5816413
              ],
              [
                6.6149639,
                46.5817554
              ],
              [
                6.6148102,
                46.5817856
              ],
              [
                6.6146765,
                46.5817995
              ],
              [
                6.6145501,
                46.5817969
              ],
              [
                6.6144554,
                46.5817551
              ],
              [
                6.6144303,
                46.5816702
              ],
              [
                6.6143713,
                46.5815916
              ],
              [
                6.6142834,
                46.5815271
              ],
              [
                6.6142362,
                46.5815034
              ],
              [
                6.614149,
                46.5814814
              ],
              [
                6.614096,
                46.5814849
              ],
              [
                6.613945,
                46.5815067
              ],
              [
                6.6138,
                46.5814734
              ],
              [
                6.6136991,
                46.5814116
              ],
              [
                6.6135618,
                46.5812511
              ],
              [
                6.6135157,
                46.5811759
              ],
              [
                6.6134518,
                46.5811209
              ],
              [
                6.6133936,
                46.5811045
              ],
              [
                6.6133019,
                46.5811346
              ],
              [
                6.6132473,
                46.5811762
              ],
              [
                6.6131562,
                46.581188
              ],
              [
                6.6130456,
                46.5811686
              ],
              [
                6.6128691,
                46.581106
              ],
              [
                6.6125464,
                46.5810053
              ],
              [
                6.6122028,
                46.5809507
              ],
              [
                6.6120805,
                46.5809139
              ],
              [
                6.6120127,
                46.5809105
              ],
              [
                6.6119389,
                46.5809761
              ],
              [
                6.6119179,
                46.5810274
              ],
              [
                6.6119052,
                46.5810346
              ],
              [
                6.6118635,
                46.5810393
              ],
              [
                6.6118005,
                46.5810403
              ],
              [
                6.6117137,
                46.5809983
              ],
              [
                6.6113209,
                46.5809686
              ],
              [
                6.6111219,
                46.5809572
              ],
              [
                6.6110393,
                46.5809026
              ],
              [
                6.6110658,
                46.5808501
              ],
              [
                6.6112004,
                46.5808332
              ],
              [
                6.6112998,
                46.5807848
              ],
              [
                6.6112754,
                46.5807373
              ],
              [
                6.6111751,
                46.5806952
              ],
              [
                6.6108983,
                46.5806145
              ],
              [
                6.6107167,
                46.5805447
              ],
              [
                6.6105916,
                46.5804685
              ],
              [
                6.6104953,
                46.5804258
              ],
              [
                6.6104182,
                46.5804294
              ],
              [
                6.6103221,
                46.5804211
              ],
              [
                6.6102779,
                46.5804005
              ],
              [
                6.6101957,
                46.580286
              ],
              [
                6.6101699,
                46.580216
              ],
              [
                6.6101516,
                46.5801477
              ],
              [
                6.6100256,
                46.5801155
              ],
              [
                6.6099164,
                46.5801386
              ],
              [
                6.6097512,
                46.5802444
              ],
              [
                6.6095778,
                46.5803684
              ],
              [
                6.6094947,
                46.5804094
              ],
              [
                6.609408,
                46.5804175
              ],
              [
                6.6093605,
                46.580401
              ],
              [
                6.6093271,
                46.5803502
              ],
              [
                6.6093414,
                46.580277
              ],
              [
                6.6093336,
                46.5802363
              ],
              [
                6.6092955,
                46.5802003
              ],
              [
                6.6092061,
                46.5801565
              ],
              [
                6.6091509,
                46.5801451
              ],
              [
                6.6090954,
                46.5801489
              ],
              [
                6.6089478,
                46.5802627
              ],
              [
                6.608841,
                46.5803015
              ],
              [
                6.608538,
                46.5804867
              ],
              [
                6.6085179,
                46.5805054
              ],
              [
                6.608465,
                46.5805269
              ],
              [
                6.6084021,
                46.5805432
              ],
              [
                6.608254,
                46.5805365
              ],
              [
                6.6081239,
                46.5805354
              ],
              [
                6.6080435,
                46.5805423
              ],
              [
                6.6078231,
                46.5805516
              ],
              [
                6.6076762,
                46.5805808
              ],
              [
                6.6074866,
                46.5806297
              ],
              [
                6.6073348,
                46.5807018
              ],
              [
                6.6068448,
                46.5809585
              ],
              [
                6.6066122,
                46.5810754
              ],
              [
                6.6063906,
                46.5811777
              ],
              [
                6.6062768,
                46.5812213
              ],
              [
                6.606146,
                46.5812535
              ],
              [
                6.605984,
                46.5812696
              ],
              [
                6.605908,
                46.5812632
              ],
              [
                6.6057924,
                46.5812675
              ],
              [
                6.6055824,
                46.5812269
              ],
              [
                6.605545,
                46.5812286
              ],
              [
                6.6054255,
                46.581244
              ],
              [
                6.6053381,
                46.5812904
              ],
              [
                6.605227,
                46.5813069
              ],
              [
                6.6051437,
                46.5812766
              ],
              [
                6.6051123,
                46.5812413
              ],
              [
                6.6050493,
                46.5811951
              ],
              [
                6.6050129,
                46.581186
              ],
              [
                6.6048668,
                46.5811909
              ],
              [
                6.6045028,
                46.5812364
              ],
              [
                6.6044204,
                46.581262
              ],
              [
                6.60432,
                46.581302
              ],
              [
                6.6040988,
                46.5813993
              ],
              [
                6.6040579,
                46.5814063
              ],
              [
                6.6040317,
                46.5814088
              ],
              [
                6.6040036,
                46.5814021
              ],
              [
                6.6039676,
                46.5813713
              ],
              [
                6.6037805,
                46.5813463
              ],
              [
                6.6037478,
                46.5813526
              ],
              [
                6.6036982,
                46.5814351
              ],
              [
                6.603629,
                46.58148
              ],
              [
                6.603528,
                46.5814775
              ],
              [
                6.603503,
                46.5814868
              ],
              [
                6.6034075,
                46.581598
              ],
              [
                6.6032972,
                46.5816408
              ],
              [
                6.6032533,
                46.5816163
              ],
              [
                6.6031533,
                46.581534
              ],
              [
                6.603089,
                46.5815455
              ],
              [
                6.602978,
                46.5815864
              ],
              [
                6.6027954,
                46.5815847
              ],
              [
                6.6027608,
                46.5815699
              ],
              [
                6.6026728,
                46.5814745
              ],
              [
                6.6023901,
                46.581394
              ],
              [
                6.6023295,
                46.58138
              ],
              [
                6.6021688,
                46.5812596
              ],
              [
                6.602101,
                46.5812521
              ],
              [
                6.6020383,
                46.5812777
              ],
              [
                6.601917,
                46.5812675
              ],
              [
                6.6018525,
                46.5811893
              ],
              [
                6.6018136,
                46.5811576
              ],
              [
                6.6017953,
                46.5810886
              ],
              [
                6.6018066,
                46.5810851
              ],
              [
                6.60183,
                46.5809474
              ],
              [
                6.6018724,
                46.5808981
              ],
              [
                6.6018358,
                46.5808573
              ],
              [
                6.6017925,
                46.5808414
              ],
              [
                6.6015138,
                46.5806765
              ],
              [
                6.6013423,
                46.5806089
              ],
              [
                6.6013057,
                46.5805824
              ],
              [
                6.6012324,
                46.580473
              ],
              [
                6.6011692,
                46.58041
              ],
              [
                6.6011278,
                46.5803916
              ],
              [
                6.6011284,
                46.5803514
              ],
              [
                6.6010915,
                46.5803281
              ],
              [
                6.6010827,
                46.5803145
              ],
              [
                6.6010042,
                46.5802603
              ],
              [
                6.6009298,
                46.580221
              ],
              [
                6.6008351,
                46.5801969
              ],
              [
                6.6007424,
                46.5801517
              ],
              [
                6.6006994,
                46.5801155
              ],
              [
                6.6006833,
                46.5800819
              ],
              [
                6.6006678,
                46.5800271
              ],
              [
                6.6006382,
                46.5799667
              ],
              [
                6.6005467,
                46.5798889
              ],
              [
                6.600513,
                46.5798548
              ],
              [
                6.6004401,
                46.5797513
              ],
              [
                6.6003084,
                46.5796443
              ],
              [
                6.60023,
                46.5795989
              ],
              [
                6.6001643,
                46.5795468
              ],
              [
                6.6001423,
                46.5795157
              ],
              [
                6.6000652,
                46.5794658
              ],
              [
                6.5999891,
                46.5794282
              ],
              [
                6.5998222,
                46.5793127
              ],
              [
                6.5997085,
                46.5792537
              ],
              [
                6.5996604,
                46.5792385
              ],
              [
                6.5996145,
                46.5792461
              ],
              [
                6.59955,
                46.5792464
              ],
              [
                6.5995393,
                46.5792506
              ],
              [
                6.599505,
                46.5792352
              ],
              [
                6.5994638,
                46.5792231
              ],
              [
                6.5994187,
                46.5791891
              ],
              [
                6.5993724,
                46.5791309
              ],
              [
                6.5993639,
                46.5791098
              ],
              [
                6.5993291,
                46.5789483
              ],
              [
                6.5993022,
                46.5788883
              ],
              [
                6.5992463,
                46.5788402
              ],
              [
                6.5992336,
                46.5788159
              ],
              [
                6.5991923,
                46.5786991
              ],
              [
                6.5991822,
                46.5786491
              ],
              [
                6.5991951,
                46.5785971
              ],
              [
                6.5992309,
                46.5785439
              ],
              [
                6.5992242,
                46.5784939
              ],
              [
                6.5991533,
                46.5784278
              ],
              [
                6.5990899,
                46.5783941
              ],
              [
                6.5990627,
                46.5783925
              ],
              [
                6.5989805,
                46.5783282
              ],
              [
                6.5988519,
                46.5782009
              ],
              [
                6.5988247,
                46.5781186
              ],
              [
                6.5988555,
                46.578026
              ],
              [
                6.5989057,
                46.5778427
              ],
              [
                6.5988976,
                46.5778088
              ],
              [
                6.5987895,
                46.5777377
              ],
              [
                6.5986948,
                46.5776936
              ],
              [
                6.5985844,
                46.5776504
              ],
              [
                6.5984421,
                46.5776009
              ],
              [
                6.598397,
                46.5775796
              ],
              [
                6.5983589,
                46.5775411
              ],
              [
                6.5983174,
                46.5775255
              ],
              [
                6.5982969,
                46.5775232
              ],
              [
                6.598191,
                46.5775502
              ],
              [
                6.5981303,
                46.5775356
              ],
              [
                6.5980693,
                46.5774708
              ],
              [
                6.5980394,
                46.5774619
              ],
              [
                6.5980043,
                46.5774282
              ],
              [
                6.597971,
                46.5773919
              ],
              [
                6.5979449,
                46.5773477
              ],
              [
                6.5978728,
                46.5772555
              ],
              [
                6.5977584,
                46.5771644
              ],
              [
                6.5976739,
                46.5771316
              ],
              [
                6.5975593,
                46.5770989
              ],
              [
                6.5973845,
                46.5770563
              ],
              [
                6.5972742,
                46.5770343
              ],
              [
                6.5972622,
                46.5770264
              ],
              [
                6.597259,
                46.5770182
              ],
              [
                6.5972105,
                46.5769949
              ],
              [
                6.5972009,
                46.5769776
              ],
              [
                6.5970976,
                46.5769103
              ],
              [
                6.5970044,
                46.576873
              ],
              [
                6.5969529,
                46.5768645
              ],
              [
                6.5968399,
                46.5768306
              ],
              [
                6.5967729,
                46.576795
              ],
              [
                6.5965217,
                46.576695
              ],
              [
                6.5964833,
                46.576684
              ],
              [
                6.5963553,
                46.576572
              ],
              [
                6.5962864,
                46.5765387
              ],
              [
                6.5962104,
                46.5764583
              ],
              [
                6.596118,
                46.5763171
              ],
              [
                6.5960476,
                46.5762719
              ],
              [
                6.5959345,
                46.5762323
              ],
              [
                6.5958804,
                46.5761612
              ],
              [
                6.5957963,
                46.5760871
              ],
              [
                6.5956273,
                46.5759799
              ],
              [
                6.5955082,
                46.5759388
              ],
              [
                6.5954679,
                46.5759432
              ],
              [
                6.5953771,
                46.5759108
              ],
              [
                6.5952341,
                46.5758163
              ],
              [
                6.5951396,
                46.5757842
              ],
              [
                6.5950538,
                46.5757269
              ],
              [
                6.5949987,
                46.5756323
              ],
              [
                6.5949548,
                46.575569
              ],
              [
                6.5949123,
                46.5755359
              ],
              [
                6.5947116,
                46.5754986
              ],
              [
                6.5946463,
                46.5754242
              ],
              [
                6.5945482,
                46.5753533
              ],
              [
                6.5945366,
                46.5753365
              ],
              [
                6.5944151,
                46.5752515
              ],
              [
                6.5943702,
                46.575197
              ],
              [
                6.5943749,
                46.5751356
              ],
              [
                6.5943379,
                46.5750811
              ],
              [
                6.594297,
                46.5750346
              ],
              [
                6.5942588,
                46.5750224
              ],
              [
                6.5942042,
                46.5749846
              ],
              [
                6.594106,
                46.5749281
              ],
              [
                6.5940487,
                46.5749042
              ],
              [
                6.5940321,
                46.5749068
              ],
              [
                6.5938373,
                46.5747801
              ],
              [
                6.5938136,
                46.5747729
              ],
              [
                6.5935855,
                46.5745807
              ],
              [
                6.5935375,
                46.5745102
              ],
              [
                6.5935344,
                46.5744913
              ],
              [
                6.5935601,
                46.5744191
              ],
              [
                6.5935601,
                46.5743806
              ],
              [
                6.5934818,
                46.5742014
              ],
              [
                6.5934663,
                46.574184
              ],
              [
                6.5932227,
                46.5739891
              ],
              [
                6.5931436,
                46.5739639
              ],
              [
                6.5930823,
                46.5739321
              ],
              [
                6.5930279,
                46.5738899
              ],
              [
                6.5930111,
                46.5738667
              ],
              [
                6.5929163,
                46.5738061
              ],
              [
                6.592824,
                46.573757
              ],
              [
                6.5927521,
                46.5737118
              ],
              [
                6.5927374,
                46.5736978
              ],
              [
                6.5927151,
                46.5736611
              ],
              [
                6.5926547,
                46.5735898
              ],
              [
                6.5926314,
                46.5735433
              ],
              [
                6.592645,
                46.5735285
              ],
              [
                6.592621,
                46.5734834
              ],
              [
                6.5925758,
                46.5734356
              ],
              [
                6.5925069,
                46.5733482
              ],
              [
                6.5924899,
                46.5732618
              ],
              [
                6.5924642,
                46.5732224
              ],
              [
                6.5924495,
                46.5731852
              ],
              [
                6.5924353,
                46.5731154
              ],
              [
                6.5924496,
                46.5730367
              ],
              [
                6.5925154,
                46.572915
              ],
              [
                6.5924971,
                46.5728948
              ],
              [
                6.5924827,
                46.5728616
              ],
              [
                6.5924476,
                46.5728377
              ],
              [
                6.5922876,
                46.5727555
              ],
              [
                6.5921265,
                46.5725888
              ],
              [
                6.5919959,
                46.5725648
              ],
              [
                6.5918594,
                46.5725527
              ],
              [
                6.5917926,
                46.5724895
              ],
              [
                6.5916355,
                46.5723806
              ],
              [
                6.5916051,
                46.5723338
              ],
              [
                6.5915812,
                46.5722319
              ],
              [
                6.5915891,
                46.5721611
              ],
              [
                6.5916016,
                46.5721494
              ],
              [
                6.5916289,
                46.5721216
              ],
              [
                6.5918019,
                46.5721073
              ],
              [
                6.5918945,
                46.5720339
              ],
              [
                6.5918937,
                46.5719979
              ],
              [
                6.5916531,
                46.5718224
              ],
              [
                6.5915027,
                46.5715754
              ],
              [
                6.5914125,
                46.5713503
              ],
              [
                6.591245,
                46.57124
              ],
              [
                6.5911517,
                46.5712382
              ],
              [
                6.5909976,
                46.5711769
              ],
              [
                6.5909668,
                46.5710895
              ],
              [
                6.5910396,
                46.5709909
              ],
              [
                6.5910033,
                46.5709187
              ],
              [
                6.5908338,
                46.5708255
              ],
              [
                6.5908266,
                46.5708057
              ],
              [
                6.5908982,
                46.570728
              ],
              [
                6.5907094,
                46.5704141
              ],
              [
                6.5906035,
                46.5703666
              ],
              [
                6.5904855,
                46.570085
              ],
              [
                6.5904864,
                46.569946
              ],
              [
                6.5902779,
                46.5697761
              ],
              [
                6.5902818,
                46.5696591
              ],
              [
                6.5901827,
                46.5695501
              ],
              [
                6.5900283,
                46.5694118
              ],
              [
                6.5899974,
                46.5693973
              ],
              [
                6.5896443,
                46.5689917
              ],
              [
                6.5894772,
                46.5687311
              ],
              [
                6.5893269,
                46.5685254
              ],
              [
                6.5890576,
                46.5685523
              ],
              [
                6.5890446,
                46.5684667
              ],
              [
                6.5892438,
                46.5681522
              ],
              [
                6.5894436,
                46.5679498
              ],
              [
                6.5892755,
                46.5675883
              ],
              [
                6.5893375,
                46.5674206
              ],
              [
                6.5892009,
                46.5672288
              ],
              [
                6.588951,
                46.5669439
              ],
              [
                6.5888056,
                46.5668932
              ],
              [
                6.5887748,
                46.5668274
              ],
              [
                6.5887819,
                46.5665752
              ],
              [
                6.588697,
                46.5664554
              ],
              [
                6.5887499,
                46.5663589
              ],
              [
                6.5888082,
                46.5661389
              ],
              [
                6.588786,
                46.5659498
              ],
              [
                6.5885939,
                46.5656857
              ],
              [
                6.5884886,
                46.5656227
              ],
              [
                6.5884968,
                46.5654001
              ],
              [
                6.5884423,
                46.5653819
              ],
              [
                6.5882101,
                46.5653262
              ],
              [
                6.5880299,
                46.5652199
              ],
              [
                6.5879592,
                46.5651889
              ],
              [
                6.5877006,
                46.5650361
              ],
              [
                6.5875023,
                46.5649147
              ],
              [
                6.5874632,
                46.5648186
              ],
              [
                6.5871068,
                46.5644793
              ],
              [
                6.5869197,
                46.5644423
              ],
              [
                6.5868925,
                46.5644399
              ],
              [
                6.5868037,
                46.5643693
              ],
              [
                6.5867582,
                46.5642482
              ],
              [
                6.5866255,
                46.5640862
              ],
              [
                6.5864513,
                46.5637613
              ],
              [
                6.5863016,
                46.5635694
              ],
              [
                6.5862987,
                46.5635284
              ],
              [
                6.5862372,
                46.5634693
              ],
              [
                6.58611,
                46.5633604
              ],
              [
                6.5860257,
                46.5632542
              ],
              [
                6.5861473,
                46.5630559
              ],
              [
                6.5861311,
                46.5628667
              ],
              [
                6.5860979,
                46.5628296
              ],
              [
                6.5860358,
                46.5628107
              ],
              [
                6.5859294,
                46.5626731
              ],
              [
                6.585914,
                46.5625565
              ],
              [
                6.5859783,
                46.5624245
              ],
              [
                6.5860639,
                46.562201
              ],
              [
                6.5860794,
                46.562118
              ],
              [
                6.5859936,
                46.5618289
              ],
              [
                6.585965,
                46.5618215
              ],
              [
                6.5857663,
                46.5617013
              ],
              [
                6.5854009,
                46.5609353
              ],
              [
                6.5851787,
                46.5608589
              ],
              [
                6.5851492,
                46.5608106
              ],
              [
                6.5851506,
                46.5607797
              ],
              [
                6.585164,
                46.5607084
              ],
              [
                6.5852202,
                46.5606236
              ],
              [
                6.5852638,
                46.5605407
              ],
              [
                6.5852421,
                46.5603969
              ],
              [
                6.585205,
                46.5602364
              ],
              [
                6.5851678,
                46.5601766
              ],
              [
                6.5852297,
                46.5600095
              ],
              [
                6.5854051,
                46.5598764
              ],
              [
                6.5854701,
                46.5597654
              ],
              [
                6.585492,
                46.5596455
              ],
              [
                6.5854149,
                46.5595622
              ],
              [
                6.5853334,
                46.5595282
              ],
              [
                6.5853711,
                46.5593841
              ],
              [
                6.5854045,
                46.5592881
              ],
              [
                6.5853119,
                46.5591406
              ],
              [
                6.5851274,
                46.5590371
              ],
              [
                6.5851167,
                46.559019
              ],
              [
                6.5850957,
                46.5588657
              ],
              [
                6.5850767,
                46.5588186
              ],
              [
                6.585057,
                46.5586913
              ],
              [
                6.5849776,
                46.5584397
              ],
              [
                6.5849256,
                46.5583517
              ],
              [
                6.5849434,
                46.5582763
              ],
              [
                6.5850017,
                46.5581194
              ],
              [
                6.5849989,
                46.5580798
              ],
              [
                6.5849567,
                46.5579975
              ],
              [
                6.5849382,
                46.5578153
              ],
              [
                6.5849471,
                46.5576937
              ],
              [
                6.5848346,
                46.5575795
              ],
              [
                6.5846248,
                46.5574631
              ],
              [
                6.5845969,
                46.5574023
              ],
              [
                6.5846026,
                46.5571332
              ],
              [
                6.584849,
                46.5569732
              ],
              [
                6.5850085,
                46.5568547
              ],
              [
                6.5850476,
                46.5567501
              ],
              [
                6.5849993,
                46.5567143
              ],
              [
                6.5849149,
                46.5566133
              ],
              [
                6.5848672,
                46.556449
              ],
              [
                6.5848739,
                46.55629
              ],
              [
                6.5848064,
                46.5558568
              ],
              [
                6.5847704,
                46.5557813
              ],
              [
                6.5845266,
                46.5557855
              ],
              [
                6.584488,
                46.5555396
              ],
              [
                6.5844621,
                46.5552374
              ],
              [
                6.5844677,
                46.5551338
              ],
              [
                6.584512,
                46.5550724
              ],
              [
                6.5846565,
                46.5549508
              ],
              [
                6.5847611,
                46.5548862
              ],
              [
                6.5847197,
                46.5548191
              ],
              [
                6.5846875,
                46.5546403
              ],
              [
                6.5847187,
                46.5545096
              ],
              [
                6.5847371,
                46.5544903
              ],
              [
                6.5851092,
                46.55438
              ],
              [
                6.5852565,
                46.5542189
              ],
              [
                6.5852494,
                46.5541416
              ],
              [
                6.5852164,
                46.5540882
              ],
              [
                6.5847198,
                46.5538485
              ],
              [
                6.5847003,
                46.5535791
              ],
              [
                6.5848761,
                46.5533661
              ],
              [
                6.5848046,
                46.5532628
              ],
              [
                6.5847791,
                46.553243
              ],
              [
                6.5843752,
                46.5531884
              ],
              [
                6.5844725,
                46.5529824
              ],
              [
                6.5844792,
                46.5528878
              ],
              [
                6.584323,
                46.5526897
              ],
              [
                6.5842638,
                46.5525363
              ],
              [
                6.584272,
                46.5524908
              ],
              [
                6.5842344,
                46.5524411
              ],
              [
                6.5841364,
                46.5522495
              ],
              [
                6.5840891,
                46.5522318
              ],
              [
                6.5838982,
                46.5520175
              ],
              [
                6.5838761,
                46.5519849
              ],
              [
                6.5838834,
                46.5519541
              ],
              [
                6.583863,
                46.5518783
              ]
            ]
          ],
          [
            [
              [
                6.5842402,
                46.5207628
              ],
              [
                6.5843232,
                46.5206547
              ],
              [
                6.5846042,
                46.5202014
              ],
              [
                6.5846587,
                46.5200669
              ],
              [
                6.5847053,
                46.5199793
              ],
              [
                6.5850237,
                46.5197019
              ],
              [
                6.5850832,
                46.519637
              ],
              [
                6.585138,
                46.5195644
              ],
              [
                6.5851467,
                46.5194787
              ],
              [
                6.585163,
                46.5194306
              ],
              [
                6.5851982,
                46.5193622
              ],
              [
                6.5852745,
                46.519273
              ],
              [
                6.5854651,
                46.519076
              ],
              [
                6.5858407,
                46.5185966
              ],
              [
                6.5860182,
                46.518341
              ],
              [
                6.5860725,
                46.5182272
              ],
              [
                6.5860995,
                46.518152
              ],
              [
                6.5861709,
                46.5180374
              ],
              [
                6.5863333,
                46.5178601
              ],
              [
                6.5864461,
                46.5177594
              ],
              [
                6.5865429,
                46.517575
              ],
              [
                6.5866543,
                46.5174204
              ],
              [
                6.5850506,
                46.4555755
              ],
              [
                6.6406113,
                46.4548726
              ],
              [
                6.6419601,
                46.5049205
              ],
              [
                6.641961,
                46.5049529
              ],
              [
                6.6419857,
                46.5053634
              ],
              [
                6.6420438,
                46.505851
              ],
              [
                6.6420416,
                46.505874
              ],
              [
                6.6420339,
                46.5058963
              ],
              [
                6.642019,
                46.5059197
              ],
              [
                6.6419981,
                46.5059408
              ],
              [
                6.6418031,
                46.5060656
              ],
              [
                6.6416755,
                46.5061824
              ],
              [
                6.6415884,
                46.5062201
              ],
              [
                6.6414611,
                46.5062712
              ],
              [
                6.641397,
                46.5063304
              ],
              [
                6.6413681,
                46.5063897
              ],
              [
                6.6413585,
                46.5065213
              ],
              [
                6.6413232,
                46.5065608
              ],
              [
                6.6412499,
                46.5066026
              ],
              [
                6.6411293,
                46.5066541
              ],
              [
                6.6410539,
                46.506698
              ],
              [
                6.64103,
                46.506724
              ],
              [
                6.6410055,
                46.5067596
              ],
              [
                6.6409789,
                46.5068749
              ],
              [
                6.6409992,
                46.5069518
              ],
              [
                6.6410073,
                46.5070347
              ],
              [
                6.6409896,
                46.5071224
              ],
              [
                6.641039,
                46.5072105
              ],
              [
                6.6411027,
                46.507309
              ],
              [
                6.6410949,
                46.5073784
              ],
              [
                6.6410653,
                46.5074536
              ],
              [
                6.6410083,
                46.5075664
              ],
              [
                6.6409719,
                46.507582
              ],
              [
                6.6409093,
                46.5075855
              ],
              [
                6.6404829,
                46.5074436
              ],
              [
                6.6404222,
                46.5074325
              ],
              [
                6.6403817,
                46.5074323
              ],
              [
                6.6403511,
                46.5074623
              ],
              [
                6.6403175,
                46.5075505
              ],
              [
                6.6403271,
                46.5076245
              ],
              [
                6.6403812,
                46.5076822
              ],
              [
                6.640404,
                46.5077538
              ],
              [
                6.6404072,
                46.5078707
              ],
              [
                6.6404067,
                46.5080345
              ],
              [
                6.6403689,
                46.5081189
              ],
              [
                6.6403119,
                46.5081666
              ],
              [
                6.6400812,
                46.5082783
              ],
              [
                6.6400033,
                46.5083214
              ],
              [
                6.6397913,
                46.5084455
              ],
              [
                6.6397153,
                46.5085016
              ],
              [
                6.6396757,
                46.5086242
              ],
              [
                6.6396755,
                46.5087511
              ],
              [
                6.6396439,
                46.5088199
              ],
              [
                6.6395855,
                46.508902
              ],
              [
                6.6395615,
                46.5089861
              ],
              [
                6.6395354,
                46.5090585
              ],
              [
                6.6395376,
                46.5091727
              ],
              [
                6.639547,
                46.5092486
              ],
              [
                6.639528,
                46.5093537
              ],
              [
                6.6394696,
                46.5094281
              ],
              [
                6.6394342,
                46.5094882
              ],
              [
                6.6393771,
                46.5096929
              ],
              [
                6.6393705,
                46.5097662
              ],
              [
                6.6393993,
                46.5099011
              ],
              [
                6.639407,
                46.5099697
              ],
              [
                6.6393483,
                46.5103145
              ],
              [
                6.6393439,
                46.5103577
              ],
              [
                6.6393566,
                46.5103993
              ],
              [
                6.6393832,
                46.5104353
              ],
              [
                6.6394258,
                46.5104669
              ],
              [
                6.6398626,
                46.5106808
              ],
              [
                6.6399143,
                46.5107004
              ],
              [
                6.639963,
                46.5107151
              ],
              [
                6.6401509,
                46.5107557
              ],
              [
                6.6402089,
                46.5107747
              ],
              [
                6.6402615,
                46.5107999
              ],
              [
                6.6404864,
                46.5109444
              ],
              [
                6.6405396,
                46.5109729
              ],
              [
                6.640652,
                46.5110111
              ],
              [
                6.640739,
                46.5110376
              ],
              [
                6.6408122,
                46.5110759
              ],
              [
                6.6410888,
                46.5111498
              ],
              [
                6.6412477,
                46.5112167
              ],
              [
                6.6414329,
                46.5113471
              ],
              [
                6.6415651,
                46.5114528
              ],
              [
                6.6417596,
                46.5116536
              ],
              [
                6.6418638,
                46.5117261
              ],
              [
                6.642018,
                46.511818
              ],
              [
                6.6420783,
                46.511819
              ],
              [
                6.642138,
                46.5118266
              ],
              [
                6.6421725,
                46.5118246
              ],
              [
                6.6421941,
                46.5118107
              ],
              [
                6.6421889,
                46.5117801
              ],
              [
                6.6421599,
                46.5117482
              ],
              [
                6.6421571,
                46.5117275
              ],
              [
                6.6421928,
                46.5116897
              ],
              [
                6.6422475,
                46.5116589
              ],
              [
                6.642346,
                46.5116377
              ],
              [
                6.6424299,
                46.5116676
              ],
              [
                6.6425414,
                46.5117034
              ],
              [
                6.6426311,
                46.5117396
              ],
              [
                6.6429079,
                46.5118123
              ],
              [
                6.6430457,
                46.5118314
              ],
              [
                6.6431593,
                46.5118658
              ],
              [
                6.6433428,
                46.5119347
              ],
              [
                6.6434846,
                46.5119738
              ],
              [
                6.6436256,
                46.5120193
              ],
              [
                6.643758,
                46.5120569
              ],
              [
                6.6439784,
                46.5120777
              ],
              [
                6.6440985,
                46.5120636
              ],
              [
                6.6441351,
                46.5120525
              ],
              [
                6.6441824,
                46.5120474
              ],
              [
                6.6442747,
                46.5120686
              ],
              [
                6.6443774,
                46.512149
              ],
              [
                6.6444376,
                46.512243
              ],
              [
                6.6449285,
                46.5126777
              ],
              [
                6.6450299,
                46.5127192
              ],
              [
                6.6450997,
                46.5127404
              ],
              [
                6.6451442,
                46.5127502
              ],
              [
                6.6452004,
                46.512752
              ],
              [
                6.6452807,
                46.5127587
              ],
              [
                6.64545,
                46.5127353
              ],
              [
                6.6455432,
                46.5127374
              ],
              [
                6.6456913,
                46.5127207
              ],
              [
                6.645764,
                46.5127071
              ],
              [
                6.6457656,
                46.5127022
              ],
              [
                6.6459467,
                46.5126706
              ],
              [
                6.6459505,
                46.5126732
              ],
              [
                6.6461064,
                46.512634
              ],
              [
                6.6461149,
                46.5126244
              ],
              [
                6.6463225,
                46.51256
              ],
              [
                6.6464492,
                46.512535
              ],
              [
                6.6465236,
                46.5125393
              ],
              [
                6.6465978,
                46.5125553
              ],
              [
                6.6467065,
                46.5125877
              ],
              [
                6.6469006,
                46.5127012
              ],
              [
                6.647042,
                46.5128104
              ],
              [
                6.6471174,
                46.5128523
              ],
              [
                6.6472272,
                46.5128803
              ],
              [
                6.6472818,
                46.5128919
              ],
              [
                6.6474026,
                46.5129062
              ],
              [
                6.6474963,
                46.5129035
              ],
              [
                6.6475663,
                46.5128796
              ],
              [
                6.647757,
                46.5127923
              ],
              [
                6.6478529,
                46.5127779
              ],
              [
                6.6479438,
                46.5127873
              ],
              [
                6.6480097,
                46.512809
              ],
              [
                6.6481009,
                46.5128567
              ],
              [
                6.6481804,
                46.5129208
              ],
              [
                6.6482926,
                46.5130322
              ],
              [
                6.6483198,
                46.5130491
              ],
              [
                6.6483546,
                46.5130593
              ],
              [
                6.6484018,
                46.5130604
              ],
              [
                6.6484227,
                46.5130476
              ],
              [
                6.6484434,
                46.5130253
              ],
              [
                6.6484531,
                46.5129663
              ],
              [
                6.6484512,
                46.5129282
              ],
              [
                6.6484283,
                46.5128672
              ],
              [
                6.6484517,
                46.5127989
              ],
              [
                6.648494,
                46.5127612
              ],
              [
                6.6485351,
                46.512747
              ],
              [
                6.6487546,
                46.5126899
              ],
              [
                6.6488121,
                46.5126847
              ],
              [
                6.648898,
                46.5126806
              ],
              [
                6.6489471,
                46.5126844
              ],
              [
                6.6491167,
                46.512716
              ],
              [
                6.6493255,
                46.5127759
              ],
              [
                6.64947,
                46.5127908
              ],
              [
                6.649637,
                46.5127976
              ],
              [
                6.6498292,
                46.5128145
              ],
              [
                6.6498966,
                46.5128146
              ],
              [
                6.6500224,
                46.5128429
              ],
              [
                6.6501184,
                46.5128733
              ],
              [
                6.6501433,
                46.5128865
              ],
              [
                6.6502331,
                46.5129694
              ],
              [
                6.6503069,
                46.5130337
              ],
              [
                6.650361,
                46.5130673
              ],
              [
                6.650442,
                46.5130945
              ],
              [
                6.6506235,
                46.5131348
              ],
              [
                6.6508469,
                46.5131802
              ],
              [
                6.650974,
                46.5131874
              ],
              [
                6.6510745,
                46.5132107
              ],
              [
                6.6511241,
                46.5132363
              ],
              [
                6.6511522,
                46.513272
              ],
              [
                6.6511496,
                46.5133163
              ],
              [
                6.6510683,
                46.5135213
              ],
              [
                6.6510692,
                46.5135748
              ],
              [
                6.6510971,
                46.5136078
              ],
              [
                6.6511448,
                46.5136267
              ],
              [
                6.6512471,
                46.5136402
              ],
              [
                6.6513239,
                46.5136458
              ],
              [
                6.651448,
                46.5136705
              ],
              [
                6.6515535,
                46.513702
              ],
              [
                6.6516174,
                46.5137136
              ],
              [
                6.6516781,
                46.5137097
              ],
              [
                6.6517281,
                46.5136853
              ],
              [
                6.6518243,
                46.5135861
              ],
              [
                6.651877,
                46.5135469
              ],
              [
                6.6519065,
                46.5134938
              ],
              [
                6.6519068,
                46.5134105
              ],
              [
                6.6518989,
                46.5133897
              ],
              [
                6.6518939,
                46.5133228
              ],
              [
                6.6519332,
                46.513291
              ],
              [
                6.6519984,
                46.5132968
              ],
              [
                6.6522897,
                46.5133649
              ],
              [
                6.6523727,
                46.5133921
              ],
              [
                6.6523853,
                46.5134037
              ],
              [
                6.6524776,
                46.5134327
              ],
              [
                6.6525228,
                46.51344
              ],
              [
                6.652564,
                46.5134319
              ],
              [
                6.6525856,
                46.5133923
              ],
              [
                6.6525696,
                46.5133215
              ],
              [
                6.652576,
                46.513293
              ],
              [
                6.6525933,
                46.5132758
              ],
              [
                6.6526358,
                46.5132655
              ],
              [
                6.6528414,
                46.5132762
              ],
              [
                6.6530069,
                46.5132408
              ],
              [
                6.653208,
                46.5132419
              ],
              [
                6.6535898,
                46.5132637
              ],
              [
                6.6536688,
                46.51329
              ],
              [
                6.6537305,
                46.5133448
              ],
              [
                6.653748,
                46.5133678
              ],
              [
                6.6537736,
                46.5134287
              ],
              [
                6.6537984,
                46.5134609
              ],
              [
                6.6538161,
                46.5135169
              ],
              [
                6.6538166,
                46.5135622
              ],
              [
                6.6537905,
                46.5136451
              ],
              [
                6.65371,
                46.5137665
              ],
              [
                6.6536932,
                46.5138412
              ],
              [
                6.6537023,
                46.513863
              ],
              [
                6.6537342,
                46.5138873
              ],
              [
                6.6537876,
                46.513966
              ],
              [
                6.6538171,
                46.5139938
              ],
              [
                6.6539686,
                46.514178
              ],
              [
                6.6539407,
                46.5142097
              ],
              [
                6.6539431,
                46.5142113
              ],
              [
                6.6539301,
                46.5142207
              ],
              [
                6.6540924,
                46.51442
              ],
              [
                6.6541112,
                46.5144287
              ],
              [
                6.6541276,
                46.5144395
              ],
              [
                6.654141,
                46.5144521
              ],
              [
                6.654151,
                46.5144661
              ],
              [
                6.6541586,
                46.5144858
              ],
              [
                6.6542546,
                46.5149596
              ],
              [
                6.6543064,
                46.5149582
              ],
              [
                6.6543006,
                46.5150168
              ],
              [
                6.6542662,
                46.5150705
              ],
              [
                6.6541752,
                46.515171
              ],
              [
                6.6541102,
                46.5152578
              ],
              [
                6.654063,
                46.5154229
              ],
              [
                6.6540278,
                46.5154954
              ],
              [
                6.6539543,
                46.5155638
              ],
              [
                6.6538695,
                46.515631
              ],
              [
                6.6538256,
                46.5156976
              ],
              [
                6.653785,
                46.5157999
              ],
              [
                6.6537632,
                46.5158867
              ],
              [
                6.6537727,
                46.5159338
              ],
              [
                6.6538221,
                46.51602
              ],
              [
                6.6539042,
                46.5161076
              ],
              [
                6.6539313,
                46.5161298
              ],
              [
                6.6539596,
                46.5161711
              ],
              [
                6.6539724,
                46.5162339
              ],
              [
                6.6539982,
                46.5163138
              ],
              [
                6.653963,
                46.516427
              ],
              [
                6.65394,
                46.5164788
              ],
              [
                6.6539006,
                46.5165277
              ],
              [
                6.6538568,
                46.5166202
              ],
              [
                6.6537645,
                46.5168413
              ],
              [
                6.6537328,
                46.5169638
              ],
              [
                6.6537384,
                46.5170699
              ],
              [
                6.6537622,
                46.5171486
              ],
              [
                6.6538407,
                46.5172514
              ],
              [
                6.6538616,
                46.5173039
              ],
              [
                6.6538836,
                46.5173847
              ],
              [
                6.653957,
                46.5175764
              ],
              [
                6.6539841,
                46.5176291
              ],
              [
                6.6540793,
                46.5177955
              ],
              [
                6.654113,
                46.517865
              ],
              [
                6.6541308,
                46.5179157
              ],
              [
                6.6541442,
                46.5179719
              ],
              [
                6.6541512,
                46.5180237
              ],
              [
                6.6541515,
                46.5180922
              ],
              [
                6.6546548,
                46.5185091
              ],
              [
                6.6553851,
                46.51881
              ],
              [
                6.6563237,
                46.5192035
              ],
              [
                6.6564023,
                46.5191801
              ],
              [
                6.6564525,
                46.5191329
              ],
              [
                6.6565193,
                46.5189694
              ],
              [
                6.6565684,
                46.5189278
              ],
              [
                6.6566245,
                46.5189016
              ],
              [
                6.6567323,
                46.5189006
              ],
              [
                6.6568263,
                46.5189815
              ],
              [
                6.657049,
                46.519241
              ],
              [
                6.6571096,
                46.5192892
              ],
              [
                6.6571394,
                46.5193037
              ],
              [
                6.6572056,
                46.5193341
              ],
              [
                6.657705,
                46.5194187
              ],
              [
                6.657897,
                46.5194731
              ],
              [
                6.6587394,
                46.5198886
              ],
              [
                6.6589705,
                46.5199516
              ],
              [
                6.6590599,
                46.5200583
              ],
              [
                6.6592044,
                46.5202772
              ],
              [
                6.659419,
                46.5203757
              ],
              [
                6.6595698,
                46.5204925
              ],
              [
                6.6596353,
                46.5206506
              ],
              [
                6.6596387,
                46.5207049
              ],
              [
                6.6596729,
                46.5210318
              ],
              [
                6.659741,
                46.5212482
              ],
              [
                6.6598773,
                46.5214211
              ],
              [
                6.6600469,
                46.5216285
              ],
              [
                6.6601024,
                46.521931
              ],
              [
                6.6601276,
                46.5222988
              ],
              [
                6.6598062,
                46.5223283
              ],
              [
                6.6603984,
                46.5230543
              ],
              [
                6.6604591,
                46.5230327
              ],
              [
                6.6605102,
                46.5231026
              ],
              [
                6.6605334,
                46.5231613
              ],
              [
                6.6605859,
                46.5232132
              ],
              [
                6.6606645,
                46.5233032
              ],
              [
                6.6607762,
                46.5234177
              ],
              [
                6.6608601,
                46.5234558
              ],
              [
                6.660969,
                46.5235389
              ],
              [
                6.6611306,
                46.5236048
              ],
              [
                6.6611948,
                46.5236551
              ],
              [
                6.6612275,
                46.5236997
              ],
              [
                6.6613223,
                46.523772
              ],
              [
                6.6613827,
                46.5237945
              ],
              [
                6.6614593,
                46.5238386
              ],
              [
                6.6615211,
                46.5238325
              ],
              [
                6.6615623,
                46.5238381
              ],
              [
                6.6615892,
                46.5238597
              ],
              [
                6.6617616,
                46.5238997
              ],
              [
                6.6618323,
                46.5239041
              ],
              [
                6.6619588,
                46.5238609
              ],
              [
                6.6620163,
                46.5238994
              ],
              [
                6.6621474,
                46.5239107
              ],
              [
                6.6622469,
                46.5239459
              ],
              [
                6.6623794,
                46.5239996
              ],
              [
                6.6624154,
                46.5240229
              ],
              [
                6.6625042,
                46.524037
              ],
              [
                6.6625441,
                46.5240551
              ],
              [
                6.662566,
                46.5241046
              ],
              [
                6.6626595,
                46.524171
              ],
              [
                6.6627032,
                46.5242287
              ],
              [
                6.6627744,
                46.5242794
              ],
              [
                6.6627772,
                46.5243424
              ],
              [
                6.6627995,
                46.5244408
              ],
              [
                6.6628174,
                46.5244568
              ],
              [
                6.6628767,
                46.5244817
              ],
              [
                6.6628725,
                46.5245348
              ],
              [
                6.6629025,
                46.5245719
              ],
              [
                6.6629553,
                46.5245764
              ],
              [
                6.663001,
                46.5245847
              ],
              [
                6.6630238,
                46.5245954
              ],
              [
                6.6630573,
                46.5246474
              ],
              [
                6.6631462,
                46.5246974
              ],
              [
                6.6631913,
                46.5247293
              ],
              [
                6.6632456,
                46.524848
              ],
              [
                6.6632725,
                46.5248827
              ],
              [
                6.6633179,
                46.524913
              ],
              [
                6.6634032,
                46.5250826
              ],
              [
                6.6633788,
                46.5251558
              ],
              [
                6.6634253,
                46.5251985
              ],
              [
                6.6634808,
                46.5253077
              ],
              [
                6.6634854,
                46.5253372
              ],
              [
                6.6635023,
                46.5253527
              ],
              [
                6.6635376,
                46.5254378
              ],
              [
                6.6635934,
                46.5254988
              ],
              [
                6.6636555,
                46.5255225
              ],
              [
                6.6637848,
                46.5256053
              ],
              [
                6.663823,
                46.5256447
              ],
              [
                6.6638816,
                46.5256677
              ],
              [
                6.6639695,
                46.525818
              ],
              [
                6.6640528,
                46.5258777
              ],
              [
                6.6640761,
                46.5259246
              ],
              [
                6.6641435,
                46.5259865
              ],
              [
                6.6641771,
                46.5260345
              ],
              [
                6.6642376,
                46.5260601
              ],
              [
                6.6642789,
                46.5261031
              ],
              [
                6.6642837,
                46.5261246
              ],
              [
                6.664401,
                46.5262187
              ],
              [
                6.6644425,
                46.5262186
              ],
              [
                6.6644615,
                46.5262572
              ],
              [
                6.6645107,
                46.526277
              ],
              [
                6.6647996,
                46.526415
              ],
              [
                6.6651082,
                46.5263523
              ],
              [
                6.6658298,
                46.5262911
              ],
              [
                6.6659736,
                46.5262807
              ],
              [
                6.6668328,
                46.5262559
              ],
              [
                6.6674277,
                46.5262751
              ],
              [
                6.6682461,
                46.5262831
              ],
              [
                6.6686204,
                46.5263601
              ],
              [
                6.6686495,
                46.5271271
              ],
              [
                6.6686686,
                46.5274259
              ],
              [
                6.6686845,
                46.5275595
              ],
              [
                6.6687405,
                46.5279476
              ],
              [
                6.6688463,
                46.5286177
              ],
              [
                6.6702696,
                46.5284394
              ],
              [
                6.6702823,
                46.5285105
              ],
              [
                6.6702831,
                46.5285763
              ],
              [
                6.6703558,
                46.5286168
              ],
              [
                6.6703944,
                46.5288467
              ],
              [
                6.6704304,
                46.5293183
              ],
              [
                6.6704082,
                46.5294989
              ],
              [
                6.6704262,
                46.5295281
              ],
              [
                6.6703827,
                46.5296229
              ],
              [
                6.670342,
                46.5296531
              ],
              [
                6.6703797,
                46.5297964
              ],
              [
                6.6703455,
                46.5300398
              ],
              [
                6.6703493,
                46.5301739
              ],
              [
                6.6703187,
                46.530185
              ],
              [
                6.6702665,
                46.5302588
              ],
              [
                6.670257,
                46.5303224
              ],
              [
                6.6703146,
                46.5304659
              ],
              [
                6.6703213,
                46.5306073
              ],
              [
                6.6702161,
                46.5307823
              ],
              [
                6.6701496,
                46.5311578
              ],
              [
                6.6700585,
                46.5313412
              ],
              [
                6.6700375,
                46.5314622
              ],
              [
                6.6701413,
                46.5315214
              ],
              [
                6.6702288,
                46.5316837
              ],
              [
                6.6701983,
                46.5317859
              ],
              [
                6.6701873,
                46.5319185
              ],
              [
                6.6701624,
                46.532024
              ],
              [
                6.6701075,
                46.5321545
              ],
              [
                6.6701243,
                46.5322622
              ],
              [
                6.6703107,
                46.5324341
              ],
              [
                6.6704185,
                46.5325864
              ],
              [
                6.6706908,
                46.532735
              ],
              [
                6.6707487,
                46.5327847
              ],
              [
                6.6707807,
                46.5328963
              ],
              [
                6.6709262,
                46.5329506
              ],
              [
                6.6709881,
                46.5330315
              ],
              [
                6.6710665,
                46.5330944
              ],
              [
                6.6712223,
                46.533144
              ],
              [
                6.6713986,
                46.5332093
              ],
              [
                6.6714707,
                46.5332541
              ],
              [
                6.6715425,
                46.5332663
              ],
              [
                6.6717664,
                46.5333044
              ],
              [
                6.6720691,
                46.5333021
              ],
              [
                6.6722592,
                46.5332364
              ],
              [
                6.6725655,
                46.533368
              ],
              [
                6.6727297,
                46.5334874
              ],
              [
                6.6729617,
                46.5336328
              ],
              [
                6.6731194,
                46.5337528
              ],
              [
                6.6732463,
                46.5338364
              ],
              [
                6.6736677,
                46.5339353
              ],
              [
                6.6739302,
                46.5339193
              ],
              [
                6.6741987,
                46.5339224
              ],
              [
                6.6744408,
                46.5339304
              ],
              [
                6.6746551,
                46.5340273
              ],
              [
                6.674915,
                46.5341156
              ],
              [
                6.6750694,
                46.5340784
              ],
              [
                6.6754163,
                46.5339607
              ],
              [
                6.6754796,
                46.5339556
              ],
              [
                6.6756415,
                46.5339791
              ],
              [
                6.6757874,
                46.5340922
              ],
              [
                6.6760636,
                46.5341819
              ],
              [
                6.6762088,
                46.5341783
              ],
              [
                6.676247,
                46.5340127
              ],
              [
                6.67643,
                46.533979
              ],
              [
                6.6766588,
                46.5340184
              ],
              [
                6.6768241,
                46.5342069
              ],
              [
                6.6768805,
                46.5342203
              ],
              [
                6.6770281,
                46.5342153
              ],
              [
                6.6772265,
                46.5340947
              ],
              [
                6.6773327,
                46.5340987
              ],
              [
                6.6774001,
                46.5341551
              ],
              [
                6.6774771,
                46.5343096
              ],
              [
                6.6774977,
                46.5344647
              ],
              [
                6.6775658,
                46.534613
              ],
              [
                6.6775405,
                46.5347667
              ],
              [
                6.6775608,
                46.5349154
              ],
              [
                6.6778402,
                46.5351062
              ],
              [
                6.6779873,
                46.5351488
              ],
              [
                6.6781464,
                46.5352469
              ],
              [
                6.6784153,
                46.5354802
              ],
              [
                6.6785586,
                46.5356103
              ],
              [
                6.6786232,
                46.5357779
              ],
              [
                6.6787788,
                46.5359126
              ],
              [
                6.6789576,
                46.5360347
              ],
              [
                6.6790074,
                46.5361878
              ],
              [
                6.6790375,
                46.5363108
              ],
              [
                6.6790867,
                46.5363673
              ],
              [
                6.6792744,
                46.5364719
              ],
              [
                6.6792828,
                46.5365103
              ],
              [
                6.6794814,
                46.5365926
              ],
              [
                6.6795697,
                46.5366392
              ],
              [
                6.6797733,
                46.5365701
              ],
              [
                6.6798774,
                46.5365434
              ],
              [
                6.6799673,
                46.5365165
              ],
              [
                6.6800997,
                46.5364966
              ],
              [
                6.6804429,
                46.5364683
              ],
              [
                6.6806832,
                46.5364919
              ],
              [
                6.6809338,
                46.5365214
              ],
              [
                6.6811277,
                46.5365819
              ],
              [
                6.6811732,
                46.5366476
              ],
              [
                6.6812037,
                46.5367838
              ],
              [
                6.6812595,
                46.5368331
              ],
              [
                6.6814413,
                46.5368967
              ],
              [
                6.6816823,
                46.5369397
              ],
              [
                6.6817509,
                46.5369582
              ],
              [
                6.6820921,
                46.5371009
              ],
              [
                6.6822151,
                46.5371032
              ],
              [
                6.6824424,
                46.537027
              ],
              [
                6.6825127,
                46.5370269
              ],
              [
                6.6827982,
                46.5370979
              ],
              [
                6.6829035,
                46.537083
              ],
              [
                6.682977,
                46.5371102
              ],
              [
                6.6830413,
                46.5372579
              ],
              [
                6.683147,
                46.5373268
              ],
              [
                6.683385,
                46.5373173
              ],
              [
                6.6836273,
                46.5373335
              ],
              [
                6.6837476,
                46.5373921
              ],
              [
                6.68384,
                46.5374848
              ],
              [
                6.6841184,
                46.5376558
              ],
              [
                6.6842265,
                46.5377006
              ],
              [
                6.6844963,
                46.5377345
              ],
              [
                6.6846968,
                46.537799
              ],
              [
                6.6848394,
                46.5378117
              ],
              [
                6.6850201,
                46.5378619
              ],
              [
                6.6850092,
                46.5378883
              ],
              [
                6.6851333,
                46.5380453
              ],
              [
                6.6851139,
                46.5383379
              ],
              [
                6.6852504,
                46.5385917
              ],
              [
                6.685459,
                46.5387022
              ],
              [
                6.6855094,
                46.5387219
              ],
              [
                6.6856816,
                46.5387405
              ],
              [
                6.6858943,
                46.5388213
              ],
              [
                6.686106,
                46.5389356
              ],
              [
                6.6862329,
                46.5391158
              ],
              [
                6.686222,
                46.5391639
              ],
              [
                6.6862557,
                46.539183
              ],
              [
                6.686319,
                46.5392927
              ],
              [
                6.6862645,
                46.5395692
              ],
              [
                6.6862949,
                46.5397223
              ],
              [
                6.6864081,
                46.539802
              ],
              [
                6.686542,
                46.5398629
              ],
              [
                6.6866374,
                46.5398888
              ],
              [
                6.6867851,
                46.5398665
              ],
              [
                6.6868108,
                46.5398766
              ],
              [
                6.687082,
                46.5399591
              ],
              [
                6.6871347,
                46.5402982
              ],
              [
                6.6871713,
                46.5403618
              ],
              [
                6.6871976,
                46.5403734
              ],
              [
                6.6872195,
                46.5403773
              ],
              [
                6.6875311,
                46.5403262
              ],
              [
                6.6876099,
                46.5403254
              ],
              [
                6.6876894,
                46.5403535
              ],
              [
                6.6877901,
                46.5404239
              ],
              [
                6.6878334,
                46.5405483
              ],
              [
                6.6879964,
                46.5408272
              ],
              [
                6.6880833,
                46.5408365
              ],
              [
                6.6881434,
                46.5409133
              ],
              [
                6.6881391,
                46.5410551
              ],
              [
                6.6881857,
                46.5413398
              ],
              [
                6.6881908,
                46.5415082
              ],
              [
                6.6881676,
                46.5416708
              ],
              [
                6.6881484,
                46.5418852
              ],
              [
                6.6881906,
                46.5419808
              ],
              [
                6.6883547,
                46.5420875
              ],
              [
                6.6885751,
                46.5421482
              ],
              [
                6.6887524,
                46.5422161
              ],
              [
                6.6888534,
                46.5422752
              ],
              [
                6.6891024,
                46.5422918
              ],
              [
                6.6892808,
                46.5424075
              ],
              [
                6.6894345,
                46.5425823
              ],
              [
                6.6894223,
                46.5427208
              ],
              [
                6.6896065,
                46.5429149
              ],
              [
                6.6897009,
                46.5431277
              ],
              [
                6.6897944,
                46.5431924
              ],
              [
                6.6900343,
                46.5432578
              ],
              [
                6.6901748,
                46.5433818
              ],
              [
                6.6902384,
                46.543621
              ],
              [
                6.6903795,
                46.5437521
              ],
              [
                6.6907515,
                46.5438246
              ],
              [
                6.6908828,
                46.5440279
              ],
              [
                6.6909022,
                46.5441543
              ],
              [
                6.6911635,
                46.5443766
              ],
              [
                6.691257,
                46.5445503
              ],
              [
                6.6914032,
                46.5446289
              ],
              [
                6.6914432,
                46.5446139
              ],
              [
                6.6915093,
                46.5445436
              ],
              [
                6.6917335,
                46.5444723
              ],
              [
                6.6918563,
                46.5444668
              ],
              [
                6.6919987,
                46.5444959
              ],
              [
                6.692081,
                46.5445477
              ],
              [
                6.6921087,
                46.5445802
              ],
              [
                6.6921533,
                46.5445556
              ],
              [
                6.6923483,
                46.544481
              ],
              [
                6.6924617,
                46.5444634
              ],
              [
                6.6926821,
                46.5444945
              ],
              [
                6.6928765,
                46.5445819
              ],
              [
                6.6930033,
                46.5446119
              ],
              [
                6.6931444,
                46.5445291
              ],
              [
                6.6931472,
                46.5444617
              ],
              [
                6.6932025,
                46.5444155
              ],
              [
                6.6934536,
                46.5444181
              ],
              [
                6.6935681,
                46.5443644
              ],
              [
                6.6936896,
                46.5441389
              ],
              [
                6.6936951,
                46.5440236
              ],
              [
                6.6936878,
                46.5438965
              ],
              [
                6.6936642,
                46.5438582
              ],
              [
                6.6936707,
                46.5438079
              ],
              [
                6.6937191,
                46.543748
              ],
              [
                6.6938173,
                46.5437399
              ],
              [
                6.6939598,
                46.5437389
              ],
              [
                6.6940896,
                46.543709
              ],
              [
                6.6941674,
                46.5436875
              ],
              [
                6.694289,
                46.5436343
              ],
              [
                6.6945032,
                46.5435219
              ],
              [
                6.6946199,
                46.5434751
              ],
              [
                6.6946898,
                46.5434347
              ],
              [
                6.6947047,
                46.5434136
              ],
              [
                6.6946469,
                46.5433413
              ],
              [
                6.6946148,
                46.5433148
              ],
              [
                6.6946442,
                46.5431748
              ],
              [
                6.6947808,
                46.5431125
              ],
              [
                6.6948569,
                46.5430418
              ],
              [
                6.6949686,
                46.5430234
              ],
              [
                6.6950246,
                46.5429892
              ],
              [
                6.6950171,
                46.542952
              ],
              [
                6.6950379,
                46.5429217
              ],
              [
                6.695152,
                46.5429426
              ],
              [
                6.6952267,
                46.542926
              ],
              [
                6.6952694,
                46.5429066
              ],
              [
                6.6953516,
                46.5428075
              ],
              [
                6.6954459,
                46.5427421
              ],
              [
                6.6955572,
                46.5426931
              ],
              [
                6.6957924,
                46.5426264
              ],
              [
                6.6958092,
                46.5426237
              ],
              [
                6.6958282,
                46.5426005
              ],
              [
                6.6958459,
                46.5425275
              ],
              [
                6.6959042,
                46.5424944
              ],
              [
                6.6960525,
                46.5424899
              ],
              [
                6.6961909,
                46.54252
              ],
              [
                6.6963482,
                46.5425707
              ],
              [
                6.6963989,
                46.5425904
              ],
              [
                6.6965147,
                46.5426115
              ],
              [
                6.6966207,
                46.5425895
              ],
              [
                6.6967432,
                46.5425101
              ],
              [
                6.6968555,
                46.5425235
              ],
              [
                6.6969389,
                46.5425683
              ],
              [
                6.6970124,
                46.542584
              ],
              [
                6.6971007,
                46.5425916
              ],
              [
                6.6972307,
                46.5426654
              ],
              [
                6.6972886,
                46.5427314
              ],
              [
                6.6974383,
                46.5427796
              ],
              [
                6.6974873,
                46.5427222
              ],
              [
                6.6975457,
                46.5426272
              ],
              [
                6.6975989,
                46.5426035
              ],
              [
                6.6977059,
                46.5425879
              ],
              [
                6.6978244,
                46.5425633
              ],
              [
                6.6980402,
                46.5425562
              ],
              [
                6.698167,
                46.5426146
              ],
              [
                6.6981523,
                46.5426327
              ],
              [
                6.698008,
                46.5427485
              ],
              [
                6.6979859,
                46.5427911
              ],
              [
                6.6980332,
                46.5428693
              ],
              [
                6.6979793,
                46.5429379
              ],
              [
                6.6980341,
                46.5429813
              ],
              [
                6.6980635,
                46.5429766
              ],
              [
                6.6980565,
                46.54301
              ],
              [
                6.6979875,
                46.5431277
              ],
              [
                6.6980071,
                46.543154
              ],
              [
                6.6980928,
                46.5431718
              ],
              [
                6.6981389,
                46.5431959
              ],
              [
                6.6981224,
                46.54323
              ],
              [
                6.6981415,
                46.5434092
              ],
              [
                6.6981893,
                46.5434813
              ],
              [
                6.6981295,
                46.5435855
              ],
              [
                6.6980691,
                46.5436074
              ],
              [
                6.6980851,
                46.543657
              ],
              [
                6.6981735,
                46.5437134
              ],
              [
                6.6982472,
                46.5437327
              ],
              [
                6.6982841,
                46.5437222
              ],
              [
                6.6982986,
                46.5437431
              ],
              [
                6.6983107,
                46.5438865
              ],
              [
                6.698279,
                46.543915
              ],
              [
                6.6981656,
                46.5439895
              ],
              [
                6.6981597,
                46.544002
              ],
              [
                6.6982051,
                46.544081
              ],
              [
                6.6981802,
                46.5442452
              ],
              [
                6.6982079,
                46.5442899
              ],
              [
                6.6982215,
                46.5443499
              ],
              [
                6.6982883,
                46.5444407
              ],
              [
                6.6983616,
                46.54453
              ],
              [
                6.6983086,
                46.5445712
              ],
              [
                6.6983378,
                46.5446184
              ],
              [
                6.6984315,
                46.5446298
              ],
              [
                6.6985355,
                46.5446179
              ],
              [
                6.6985781,
                46.5446011
              ],
              [
                6.6986006,
                46.5446053
              ],
              [
                6.6986382,
                46.5446575
              ],
              [
                6.6986085,
                46.5447817
              ],
              [
                6.6985853,
                46.5448333
              ],
              [
                6.6984802,
                46.5449133
              ],
              [
                6.69841,
                46.5449182
              ],
              [
                6.6983841,
                46.544905
              ],
              [
                6.6983183,
                46.5449314
              ],
              [
                6.698314,
                46.5449657
              ],
              [
                6.6984132,
                46.5450258
              ],
              [
                6.6984471,
                46.545077
              ],
              [
                6.6985753,
                46.5451033
              ],
              [
                6.6986482,
                46.5451622
              ],
              [
                6.6986574,
                46.5453158
              ],
              [
                6.6987378,
                46.545391
              ],
              [
                6.6988586,
                46.545372
              ],
              [
                6.698972,
                46.5453915
              ],
              [
                6.6990759,
                46.5454695
              ],
              [
                6.6991683,
                46.545513
              ],
              [
                6.6992344,
                46.5456403
              ],
              [
                6.6992402,
                46.5456871
              ],
              [
                6.699368,
                46.5460105
              ],
              [
                6.6993311,
                46.5460799
              ],
              [
                6.6993159,
                46.5462322
              ],
              [
                6.6992899,
                46.5462698
              ],
              [
                6.6992112,
                46.5463132
              ],
              [
                6.6992095,
                46.5463213
              ],
              [
                6.6992741,
                46.5463949
              ],
              [
                6.6995356,
                46.5464942
              ],
              [
                6.6997018,
                46.54662
              ],
              [
                6.6997444,
                46.5466587
              ],
              [
                6.6999424,
                46.5467523
              ],
              [
                6.6999793,
                46.5468372
              ],
              [
                6.6999549,
                46.5468965
              ],
              [
                6.6998466,
                46.5469319
              ],
              [
                6.6998364,
                46.5469323
              ],
              [
                6.6997706,
                46.5469738
              ],
              [
                6.6997753,
                46.5470423
              ],
              [
                6.6998464,
                46.547173
              ],
              [
                6.6998027,
                46.5472723
              ],
              [
                6.69983,
                46.5473405
              ],
              [
                6.7001058,
                46.5475647
              ],
              [
                6.7001164,
                46.5476219
              ],
              [
                6.7000642,
                46.5476726
              ],
              [
                6.7000841,
                46.5477745
              ],
              [
                6.7001765,
                46.5477848
              ],
              [
                6.70022,
                46.5477787
              ],
              [
                6.7003107,
                46.5478331
              ],
              [
                6.7003972,
                46.5480815
              ],
              [
                6.7004632,
                46.5482417
              ],
              [
                6.7003818,
                46.5483445
              ],
              [
                6.7000808,
                46.5484557
              ],
              [
                6.7000003,
                46.5485041
              ],
              [
                6.6999893,
                46.5485406
              ],
              [
                6.7000082,
                46.5485677
              ],
              [
                6.7000848,
                46.548567
              ],
              [
                6.7001112,
                46.5486044
              ],
              [
                6.7000947,
                46.5486811
              ],
              [
                6.7000666,
                46.5487118
              ],
              [
                6.7001531,
                46.5487978
              ],
              [
                6.700207,
                46.5487893
              ],
              [
                6.7002274,
                46.5488091
              ],
              [
                6.7002323,
                46.5488495
              ],
              [
                6.7001829,
                46.5489038
              ],
              [
                6.7001697,
                46.549006
              ],
              [
                6.7001851,
                46.5490315
              ],
              [
                6.7001329,
                46.5490347
              ],
              [
                6.7001137,
                46.5490009
              ],
              [
                6.7000389,
                46.5490127
              ],
              [
                6.699994,
                46.5490438
              ],
              [
                6.6999474,
                46.5491465
              ],
              [
                6.6998758,
                46.5492283
              ],
              [
                6.6999226,
                46.5492726
              ],
              [
                6.700054,
                46.5493432
              ],
              [
                6.7000561,
                46.5493985
              ],
              [
                6.7001367,
                46.5494038
              ],
              [
                6.7001672,
                46.5494239
              ],
              [
                6.7000693,
                46.5495523
              ],
              [
                6.699976,
                46.5496014
              ],
              [
                6.6999787,
                46.549643
              ],
              [
                6.7001953,
                46.549794
              ],
              [
                6.7002589,
                46.5498222
              ],
              [
                6.7002663,
                46.5498465
              ],
              [
                6.7001672,
                46.549894
              ],
              [
                6.7001694,
                46.5499295
              ],
              [
                6.7002309,
                46.5499643
              ],
              [
                6.7002503,
                46.5499858
              ],
              [
                6.7002419,
                46.5500081
              ],
              [
                6.7001863,
                46.5500698
              ],
              [
                6.7002084,
                46.5501113
              ],
              [
                6.7003763,
                46.5501721
              ],
              [
                6.700545,
                46.5502056
              ],
              [
                6.700626,
                46.5502788
              ],
              [
                6.7006683,
                46.5504735
              ],
              [
                6.700818,
                46.5506042
              ],
              [
                6.7008532,
                46.5507126
              ],
              [
                6.7008879,
                46.550764
              ],
              [
                6.7009992,
                46.5508211
              ],
              [
                6.7011022,
                46.5509238
              ],
              [
                6.7010792,
                46.5509891
              ],
              [
                6.701005,
                46.5510647
              ],
              [
                6.7010276,
                46.5511261
              ],
              [
                6.7011321,
                46.5511356
              ],
              [
                6.7012843,
                46.551127
              ],
              [
                6.7015076,
                46.5511437
              ],
              [
                6.7016129,
                46.5511734
              ],
              [
                6.701736,
                46.5511756
              ],
              [
                6.7018777,
                46.5512152
              ],
              [
                6.7019227,
                46.551299
              ],
              [
                6.7019451,
                46.5513884
              ],
              [
                6.7019377,
                46.5514724
              ],
              [
                6.7019854,
                46.5515343
              ],
              [
                6.702063,
                46.5515994
              ],
              [
                6.7021042,
                46.5516664
              ],
              [
                6.7022414,
                46.5517162
              ],
              [
                6.702243,
                46.5517885
              ],
              [
                6.7022761,
                46.5517995
              ],
              [
                6.7023649,
                46.5517781
              ],
              [
                6.7023799,
                46.5517388
              ],
              [
                6.7023949,
                46.5517297
              ],
              [
                6.7025468,
                46.5517502
              ],
              [
                6.702581,
                46.5517765
              ],
              [
                6.7025776,
                46.5518128
              ],
              [
                6.7027131,
                46.5518912
              ],
              [
                6.7027078,
                46.5519185
              ],
              [
                6.7028573,
                46.5520236
              ],
              [
                6.7029069,
                46.5519858
              ],
              [
                6.7029303,
                46.5519829
              ],
              [
                6.7029698,
                46.5520087
              ],
              [
                6.7029673,
                46.5520489
              ],
              [
                6.7029352,
                46.5520718
              ],
              [
                6.7029661,
                46.5520976
              ],
              [
                6.702982,
                46.5521045
              ],
              [
                6.7030401,
                46.5521067
              ],
              [
                6.7034364,
                46.5520854
              ],
              [
                6.7034523,
                46.5520892
              ],
              [
                6.7035863,
                46.5521849
              ],
              [
                6.7036739,
                46.5522165
              ],
              [
                6.7037983,
                46.5522238
              ],
              [
                6.7038139,
                46.5522359
              ],
              [
                6.7038373,
                46.5523347
              ],
              [
                6.7037853,
                46.552385
              ],
              [
                6.7036645,
                46.5524579
              ],
              [
                6.7037737,
                46.552511
              ],
              [
                6.7037932,
                46.5525457
              ],
              [
                6.703736,
                46.5526205
              ],
              [
                6.703759,
                46.5526657
              ],
              [
                6.7038513,
                46.5527025
              ],
              [
                6.703901,
                46.5527319
              ],
              [
                6.7039839,
                46.5527925
              ],
              [
                6.704054,
                46.5528263
              ],
              [
                6.7040318,
                46.5528713
              ],
              [
                6.7040082,
                46.5528818
              ],
              [
                6.7040049,
                46.5528938
              ],
              [
                6.7040135,
                46.552912
              ],
              [
                6.7039799,
                46.5529196
              ],
              [
                6.7039529,
                46.5529196
              ],
              [
                6.7039482,
                46.5529285
              ],
              [
                6.7039257,
                46.5529982
              ],
              [
                6.7039294,
                46.553031
              ],
              [
                6.7038917,
                46.5530779
              ],
              [
                6.7039058,
                46.5531073
              ],
              [
                6.7039032,
                46.5531259
              ],
              [
                6.7040027,
                46.5531065
              ],
              [
                6.7040464,
                46.5531999
              ],
              [
                6.704007,
                46.5532662
              ],
              [
                6.7039932,
                46.5532668
              ],
              [
                6.7039995,
                46.5532938
              ],
              [
                6.7041066,
                46.5533499
              ],
              [
                6.70414,
                46.5533484
              ],
              [
                6.7042253,
                46.5533756
              ],
              [
                6.7042465,
                46.5534165
              ],
              [
                6.7042126,
                46.5534337
              ],
              [
                6.7042732,
                46.5534681
              ],
              [
                6.7043563,
                46.5536179
              ],
              [
                6.70436,
                46.553747
              ],
              [
                6.7043777,
                46.5537535
              ],
              [
                6.7044093,
                46.5537457
              ],
              [
                6.7044255,
                46.5537591
              ],
              [
                6.7044524,
                46.5538045
              ],
              [
                6.7044197,
                46.5538207
              ],
              [
                6.704428,
                46.5538333
              ],
              [
                6.704467,
                46.5538505
              ],
              [
                6.7045636,
                46.5538393
              ],
              [
                6.7046236,
                46.5538488
              ],
              [
                6.7046214,
                46.5538582
              ],
              [
                6.7046386,
                46.5538599
              ],
              [
                6.7047492,
                46.5538106
              ],
              [
                6.7048266,
                46.5538228
              ],
              [
                6.7048499,
                46.5538788
              ],
              [
                6.7048618,
                46.5539376
              ],
              [
                6.7047682,
                46.5539324
              ],
              [
                6.7047386,
                46.553955
              ],
              [
                6.7046854,
                46.5539495
              ],
              [
                6.7046614,
                46.5539607
              ],
              [
                6.70461,
                46.5540564
              ],
              [
                6.7046177,
                46.5540834
              ],
              [
                6.7046117,
                46.55409
              ],
              [
                6.7046164,
                46.5540994
              ],
              [
                6.7046889,
                46.5541224
              ],
              [
                6.7047288,
                46.5541749
              ],
              [
                6.7047815,
                46.5541845
              ],
              [
                6.704836,
                46.5542095
              ],
              [
                6.7049055,
                46.5541799
              ],
              [
                6.7050136,
                46.5541635
              ],
              [
                6.705035,
                46.5542347
              ],
              [
                6.7049578,
                46.5542688
              ],
              [
                6.7048452,
                46.5543775
              ],
              [
                6.7049136,
                46.5544284
              ],
              [
                6.7049108,
                46.5544645
              ],
              [
                6.7049434,
                46.5545321
              ],
              [
                6.7049595,
                46.5545344
              ],
              [
                6.7050222,
                46.5544996
              ],
              [
                6.7051229,
                46.5545268
              ],
              [
                6.705148,
                46.5545579
              ],
              [
                6.705151,
                46.5545872
              ],
              [
                6.7051023,
                46.554634
              ],
              [
                6.7050608,
                46.5547084
              ],
              [
                6.705043,
                46.5547831
              ],
              [
                6.7050891,
                46.5548652
              ],
              [
                6.7050794,
                46.5549234
              ],
              [
                6.7051242,
                46.5549788
              ],
              [
                6.7051035,
                46.5550353
              ],
              [
                6.705114,
                46.5550572
              ],
              [
                6.7052483,
                46.5551093
              ],
              [
                6.7053487,
                46.5550619
              ],
              [
                6.7054354,
                46.55506
              ],
              [
                6.7054412,
                46.5550656
              ],
              [
                6.7054184,
                46.555168
              ],
              [
                6.7053443,
                46.5552309
              ],
              [
                6.7053351,
                46.5552465
              ],
              [
                6.7053703,
                46.5553229
              ],
              [
                6.7053852,
                46.5553407
              ],
              [
                6.7054225,
                46.5553469
              ],
              [
                6.7054358,
                46.555391
              ],
              [
                6.7054856,
                46.555409
              ],
              [
                6.705506,
                46.555452
              ],
              [
                6.705512,
                46.5554964
              ],
              [
                6.7055299,
                46.5555459
              ],
              [
                6.7056121,
                46.5556208
              ],
              [
                6.7056657,
                46.5556509
              ],
              [
                6.7056818,
                46.5556849
              ],
              [
                6.7057638,
                46.5557246
              ],
              [
                6.7058268,
                46.5557974
              ],
              [
                6.7058508,
                46.555838
              ],
              [
                6.7058458,
                46.5558494
              ],
              [
                6.7058739,
                46.5558671
              ],
              [
                6.7059109,
                46.5558733
              ],
              [
                6.705944,
                46.5559238
              ],
              [
                6.7059791,
                46.5559439
              ],
              [
                6.7059236,
                46.5560055
              ],
              [
                6.7058335,
                46.5560043
              ],
              [
                6.7058424,
                46.5560639
              ],
              [
                6.705884,
                46.5560462
              ],
              [
                6.7059043,
                46.5560661
              ],
              [
                6.7058816,
                46.5561593
              ],
              [
                6.7059118,
                46.5562166
              ],
              [
                6.7059623,
                46.5562412
              ],
              [
                6.7059783,
                46.5562717
              ],
              [
                6.7060275,
                46.5563136
              ],
              [
                6.7061794,
                46.5564108
              ],
              [
                6.7062522,
                46.556484
              ],
              [
                6.7063065,
                46.5564964
              ],
              [
                6.706326,
                46.5565319
              ],
              [
                6.7063707,
                46.5565505
              ],
              [
                6.7063869,
                46.5565932
              ],
              [
                6.7064687,
                46.5566421
              ],
              [
                6.7064586,
                46.556663
              ],
              [
                6.7063897,
                46.5566692
              ],
              [
                6.7063895,
                46.5566774
              ],
              [
                6.7064696,
                46.5567362
              ],
              [
                6.7064812,
                46.5567316
              ],
              [
                6.7064943,
                46.5567009
              ],
              [
                6.7065396,
                46.5566806
              ],
              [
                6.7066055,
                46.5566822
              ],
              [
                6.7066315,
                46.5567023
              ],
              [
                6.7066242,
                46.5567209
              ],
              [
                6.7065654,
                46.5567388
              ],
              [
                6.7065653,
                46.5567453
              ],
              [
                6.706584,
                46.5567629
              ],
              [
                6.7066454,
                46.5567639
              ],
              [
                6.7066782,
                46.5567957
              ],
              [
                6.7066529,
                46.5568268
              ],
              [
                6.7067866,
                46.556924
              ],
              [
                6.7067583,
                46.556987
              ],
              [
                6.7067151,
                46.5570049
              ],
              [
                6.7067568,
                46.5570355
              ],
              [
                6.7067206,
                46.5570815
              ],
              [
                6.706654,
                46.5571351
              ],
              [
                6.7066558,
                46.5571408
              ],
              [
                6.7067386,
                46.5571507
              ],
              [
                6.7067385,
                46.5572125
              ],
              [
                6.7067466,
                46.5572131
              ],
              [
                6.7068119,
                46.5571908
              ],
              [
                6.7068261,
                46.5572481
              ],
              [
                6.7067694,
                46.5572548
              ],
              [
                6.7067609,
                46.5572927
              ],
              [
                6.706758,
                46.5573448
              ],
              [
                6.7068229,
                46.5573702
              ],
              [
                6.7068527,
                46.5573906
              ],
              [
                6.706798,
                46.5574226
              ],
              [
                6.7067895,
                46.5574447
              ],
              [
                6.7067429,
                46.55746
              ],
              [
                6.7067661,
                46.5574892
              ],
              [
                6.7067902,
                46.5574807
              ],
              [
                6.7068163,
                46.5574956
              ],
              [
                6.7068111,
                46.5575828
              ],
              [
                6.7067948,
                46.557602
              ],
              [
                6.7067986,
                46.5576193
              ],
              [
                6.7067716,
                46.5576488
              ],
              [
                6.7067843,
                46.5577221
              ],
              [
                6.7067961,
                46.5577224
              ],
              [
                6.7068393,
                46.5576952
              ],
              [
                6.7068736,
                46.5577169
              ],
              [
                6.7068705,
                46.5577438
              ],
              [
                6.7069642,
                46.5578133
              ],
              [
                6.7069333,
                46.5578463
              ],
              [
                6.7069626,
                46.5578562
              ],
              [
                6.7069438,
                46.5578981
              ],
              [
                6.7070222,
                46.5579025
              ],
              [
                6.7070264,
                46.5579143
              ],
              [
                6.7069197,
                46.5579501
              ],
              [
                6.7069549,
                46.5579952
              ],
              [
                6.7069326,
                46.5580288
              ],
              [
                6.7069153,
                46.5581273
              ],
              [
                6.7068892,
                46.5581697
              ],
              [
                6.7068637,
                46.5581871
              ],
              [
                6.7069129,
                46.5582126
              ],
              [
                6.7069541,
                46.5583024
              ],
              [
                6.7069371,
                46.5583082
              ],
              [
                6.7069555,
                46.5583522
              ],
              [
                6.7069951,
                46.5583742
              ],
              [
                6.7069759,
                46.5583909
              ],
              [
                6.7069981,
                46.5584428
              ],
              [
                6.7070122,
                46.5584506
              ],
              [
                6.7069976,
                46.5584924
              ],
              [
                6.706996,
                46.5585232
              ],
              [
                6.7070347,
                46.5585514
              ],
              [
                6.7070586,
                46.5586585
              ],
              [
                6.7070945,
                46.558699
              ],
              [
                6.7070907,
                46.5587226
              ],
              [
                6.7070416,
                46.558728
              ],
              [
                6.7070455,
                46.5587496
              ],
              [
                6.7069878,
                46.5587788
              ],
              [
                6.7069967,
                46.5588101
              ],
              [
                6.7070416,
                46.5588132
              ],
              [
                6.7071621,
                46.5588598
              ],
              [
                6.7071473,
                46.5588883
              ],
              [
                6.7071742,
                46.5589332
              ],
              [
                6.7073031,
                46.5589766
              ],
              [
                6.7073051,
                46.5589821
              ],
              [
                6.7074396,
                46.5590762
              ],
              [
                6.7074434,
                46.5590738
              ],
              [
                6.7075227,
                46.559111
              ],
              [
                6.7075709,
                46.5591154
              ],
              [
                6.7076463,
                46.5592028
              ],
              [
                6.7076746,
                46.5592514
              ],
              [
                6.7077284,
                46.5592855
              ],
              [
                6.7078269,
                46.5594344
              ],
              [
                6.7078391,
                46.559477
              ],
              [
                6.707893,
                46.5595414
              ],
              [
                6.7079541,
                46.5595473
              ],
              [
                6.707981,
                46.559576
              ],
              [
                6.7079817,
                46.5596283
              ],
              [
                6.7080014,
                46.5596575
              ],
              [
                6.7080395,
                46.5596646
              ],
              [
                6.7080647,
                46.559691
              ],
              [
                6.7080664,
                46.5597334
              ],
              [
                6.7081058,
                46.5598012
              ],
              [
                6.708204,
                46.5598753
              ],
              [
                6.7082529,
                46.559921
              ],
              [
                6.7082485,
                46.5599643
              ],
              [
                6.7082654,
                46.5600047
              ],
              [
                6.7082483,
                46.5600375
              ],
              [
                6.7083107,
                46.5600844
              ],
              [
                6.7082914,
                46.5601356
              ],
              [
                6.708315,
                46.560162
              ],
              [
                6.7083541,
                46.5601797
              ],
              [
                6.7084789,
                46.560319
              ],
              [
                6.7085244,
                46.560348
              ],
              [
                6.7085339,
                46.5603798
              ],
              [
                6.7086683,
                46.5605299
              ],
              [
                6.7087,
                46.5606041
              ],
              [
                6.7086971,
                46.5606447
              ],
              [
                6.7087423,
                46.5607212
              ],
              [
                6.7087389,
                46.5607355
              ],
              [
                6.7087579,
                46.5607725
              ],
              [
                6.708778,
                46.5608504
              ],
              [
                6.7087714,
                46.56089
              ],
              [
                6.7088001,
                46.5609395
              ],
              [
                6.7088044,
                46.5610359
              ],
              [
                6.7088474,
                46.5610884
              ],
              [
                6.708748,
                46.5611373
              ],
              [
                6.7086997,
                46.5611896
              ],
              [
                6.7086217,
                46.5612004
              ],
              [
                6.7085811,
                46.5612527
              ],
              [
                6.7085582,
                46.5613146
              ],
              [
                6.7085737,
                46.5613732
              ],
              [
                6.7086121,
                46.5613997
              ],
              [
                6.7086154,
                46.5614537
              ],
              [
                6.7086494,
                46.5614727
              ],
              [
                6.7086743,
                46.5615635
              ],
              [
                6.7087566,
                46.5615999
              ],
              [
                6.7088104,
                46.5616432
              ],
              [
                6.7088805,
                46.5616611
              ],
              [
                6.708893,
                46.5616823
              ],
              [
                6.7088698,
                46.561774
              ],
              [
                6.7088833,
                46.5618006
              ],
              [
                6.7089529,
                46.5617995
              ],
              [
                6.7090576,
                46.5619249
              ],
              [
                6.7091047,
                46.5619582
              ],
              [
                6.7091485,
                46.5619644
              ],
              [
                6.7091528,
                46.5620018
              ],
              [
                6.7091924,
                46.5620165
              ],
              [
                6.7092032,
                46.5620527
              ],
              [
                6.7091674,
                46.5621079
              ],
              [
                6.7092322,
                46.5621351
              ],
              [
                6.7092574,
                46.5622295
              ],
              [
                6.7093092,
                46.5622516
              ],
              [
                6.7093394,
                46.5622912
              ],
              [
                6.7094047,
                46.5622888
              ],
              [
                6.7094072,
                46.5623503
              ],
              [
                6.7094585,
                46.5623878
              ],
              [
                6.7094588,
                46.5624133
              ],
              [
                6.7094119,
                46.562438
              ],
              [
                6.7094287,
                46.5624988
              ],
              [
                6.7094847,
                46.5625256
              ],
              [
                6.7095426,
                46.5625124
              ],
              [
                6.7095643,
                46.5625389
              ],
              [
                6.7095471,
                46.5626431
              ],
              [
                6.70959,
                46.5627533
              ],
              [
                6.7096642,
                46.5628765
              ],
              [
                6.7096981,
                46.562924
              ],
              [
                6.7096861,
                46.562944
              ],
              [
                6.7097458,
                46.5630192
              ],
              [
                6.7097683,
                46.5630332
              ],
              [
                6.7097594,
                46.5630549
              ],
              [
                6.7097841,
                46.5630798
              ],
              [
                6.7097781,
                46.563269
              ],
              [
                6.7098205,
                46.5632903
              ],
              [
                6.7097948,
                46.5633283
              ],
              [
                6.7097923,
                46.5633687
              ],
              [
                6.7098292,
                46.5634362
              ],
              [
                6.7097856,
                46.563488
              ],
              [
                6.7097464,
                46.5635822
              ],
              [
                6.7096771,
                46.5636026
              ],
              [
                6.7095844,
                46.5638809
              ],
              [
                6.7095906,
                46.5639514
              ],
              [
                6.7095553,
                46.5639996
              ],
              [
                6.7095849,
                46.5640397
              ],
              [
                6.7095304,
                46.5641993
              ],
              [
                6.7095071,
                46.5642261
              ],
              [
                6.7095512,
                46.5643133
              ],
              [
                6.7096282,
                46.564363
              ],
              [
                6.7096729,
                46.564424
              ],
              [
                6.7097167,
                46.5644434
              ],
              [
                6.7097348,
                46.56447
              ],
              [
                6.7098395,
                46.5645719
              ],
              [
                6.7098579,
                46.5645785
              ],
              [
                6.7098655,
                46.5645954
              ],
              [
                6.7099069,
                46.5646296
              ],
              [
                6.709911,
                46.5646521
              ],
              [
                6.7099746,
                46.5646906
              ],
              [
                6.7100211,
                46.5646934
              ],
              [
                6.7100293,
                46.5647144
              ],
              [
                6.7101461,
                46.5647929
              ],
              [
                6.7101777,
                46.5647992
              ],
              [
                6.7101862,
                46.564822
              ],
              [
                6.7102266,
                46.5648687
              ],
              [
                6.7103037,
                46.5649718
              ],
              [
                6.7102774,
                46.5653364
              ],
              [
                6.7111122,
                46.565782
              ],
              [
                6.7121549,
                46.5656614
              ],
              [
                6.7129754,
                46.5661171
              ],
              [
                6.7135999,
                46.5669591
              ],
              [
                6.7143792,
                46.5680807
              ],
              [
                6.7152255,
                46.5691657
              ],
              [
                6.7161684,
                46.570213
              ],
              [
                6.7168336,
                46.5708494
              ],
              [
                6.7172411,
                46.5712925
              ],
              [
                6.717989,
                46.5724426
              ],
              [
                6.7179908,
                46.5725673
              ],
              [
                6.7179925,
                46.5726678
              ],
              [
                6.7178087,
                46.5736601
              ],
              [
                6.7178292,
                46.5737898
              ],
              [
                6.71784,
                46.5738112
              ],
              [
                6.7179291,
                46.5738884
              ],
              [
                6.7178482,
                46.574172
              ],
              [
                6.7179708,
                46.5743444
              ],
              [
                6.7179584,
                46.574589
              ],
              [
                6.7180606,
                46.5747087
              ],
              [
                6.7181067,
                46.5748098
              ],
              [
                6.7182229,
                46.5749264
              ],
              [
                6.7184012,
                46.5750399
              ],
              [
                6.7185327,
                46.5750938
              ],
              [
                6.7185673,
                46.5751772
              ],
              [
                6.7185161,
                46.5752773
              ],
              [
                6.7185739,
                46.5753949
              ],
              [
                6.7186385,
                46.5756523
              ],
              [
                6.7187591,
                46.5758634
              ],
              [
                6.7187648,
                46.5759481
              ],
              [
                6.7186981,
                46.5762303
              ],
              [
                6.7186213,
                46.5763304
              ],
              [
                6.7186335,
                46.5763853
              ],
              [
                6.7185869,
                46.5764847
              ],
              [
                6.71862,
                46.576564
              ],
              [
                6.7186379,
                46.5768006
              ],
              [
                6.7186829,
                46.5769374
              ],
              [
                6.7187185,
                46.5770237
              ],
              [
                6.7187245,
                46.5771998
              ],
              [
                6.7190764,
                46.5781678
              ],
              [
                6.7197004,
                46.57911
              ],
              [
                6.7204424,
                46.5800014
              ],
              [
                6.7208093,
                46.5804063
              ],
              [
                6.7182389,
                46.5806521
              ],
              [
                6.7164348,
                46.5808044
              ],
              [
                6.7142992,
                46.5809665
              ],
              [
                6.7119142,
                46.5811344
              ],
              [
                6.7107589,
                46.5812091
              ],
              [
                6.7093061,
                46.5812567
              ],
              [
                6.7085998,
                46.5812744
              ],
              [
                6.7079813,
                46.5812995
              ],
              [
                6.7064104,
                46.5813466
              ],
              [
                6.7043062,
                46.5813225
              ],
              [
                6.7027877,
                46.5812449
              ],
              [
                6.7004323,
                46.5811141
              ],
              [
                6.7002299,
                46.5811061
              ],
              [
                6.6998354,
                46.5813633
              ],
              [
                6.6994657,
                46.5815707
              ],
              [
                6.6987455,
                46.5820137
              ],
              [
                6.6981593,
                46.5823622
              ],
              [
                6.6975844,
                46.5827212
              ],
              [
                6.6965679,
                46.583345
              ],
              [
                6.6957281,
                46.583846
              ],
              [
                6.6955783,
                46.5839485
              ],
              [
                6.6946759,
                46.5844997
              ],
              [
                6.693727,
                46.5850703
              ],
              [
                6.6932398,
                46.5853494
              ],
              [
                6.6926149,
                46.5857446
              ],
              [
                6.6908032,
                46.5868581
              ],
              [
                6.6896376,
                46.5875522
              ],
              [
                6.6890177,
                46.5881789
              ],
              [
                6.688006,
                46.5884631
              ],
              [
                6.6870777,
                46.5894064
              ],
              [
                6.6863068,
                46.5904149
              ],
              [
                6.6853211,
                46.5909009
              ],
              [
                6.6852389,
                46.5909505
              ],
              [
                6.6846152,
                46.5912723
              ],
              [
                6.6839244,
                46.5915278
              ],
              [
                6.6833201,
                46.5916305
              ],
              [
                6.682931,
                46.5917152
              ],
              [
                6.6820194,
                46.5916155
              ],
              [
                6.6818946,
                46.5918642
              ],
              [
                6.6814329,
                46.5925828
              ],
              [
                6.6816391,
                46.5929403
              ],
              [
                6.6818704,
                46.593458
              ],
              [
                6.6821431,
                46.5939062
              ],
              [
                6.6824664,
                46.5941929
              ],
              [
                6.6824557,
                46.5946249
              ],
              [
                6.681985,
                46.5947571
              ],
              [
                6.6818454,
                46.5947635
              ],
              [
                6.681538,
                46.5947619
              ],
              [
                6.6811691,
                46.5948152
              ],
              [
                6.6807842,
                46.5950519
              ],
              [
                6.6801576,
                46.595461
              ],
              [
                6.6802027,
                46.5954652
              ],
              [
                6.6802801,
                46.5954937
              ],
              [
                6.6803122,
                46.5954916
              ],
              [
                6.6803243,
                46.5955161
              ],
              [
                6.6803054,
                46.5955409
              ],
              [
                6.6803134,
                46.5955666
              ],
              [
                6.6803579,
                46.5955923
              ],
              [
                6.680427,
                46.5956097
              ],
              [
                6.6805117,
                46.5956403
              ],
              [
                6.680625,
                46.5956603
              ],
              [
                6.6806914,
                46.5956844
              ],
              [
                6.6807562,
                46.5957624
              ],
              [
                6.6808386,
                46.5958344
              ],
              [
                6.6809424,
                46.5959718
              ],
              [
                6.6809472,
                46.5959904
              ],
              [
                6.6810824,
                46.5960592
              ],
              [
                6.6810923,
                46.5961039
              ],
              [
                6.6811045,
                46.596114
              ],
              [
                6.6806001,
                46.5963662
              ],
              [
                6.6800983,
                46.5960591
              ],
              [
                6.6795453,
                46.5960363
              ],
              [
                6.6790503,
                46.5960082
              ],
              [
                6.6789774,
                46.5960008
              ],
              [
                6.6786893,
                46.5959869
              ],
              [
                6.6785433,
                46.5962285
              ],
              [
                6.6783022,
                46.5962407
              ],
              [
                6.6781769,
                46.5960188
              ],
              [
                6.6781155,
                46.5959469
              ],
              [
                6.677706,
                46.5957145
              ],
              [
                6.6773175,
                46.5955644
              ],
              [
                6.6769536,
                46.5956239
              ],
              [
                6.676914,
                46.5956169
              ],
              [
                6.6759702,
                46.5953805
              ],
              [
                6.6752764,
                46.5951437
              ],
              [
                6.6747163,
                46.5949456
              ],
              [
                6.6743686,
                46.5946282
              ],
              [
                6.6741386,
                46.5945479
              ],
              [
                6.6736242,
                46.5943796
              ],
              [
                6.6733661,
                46.5944835
              ],
              [
                6.6731374,
                46.5946632
              ],
              [
                6.6733119,
                46.595218
              ],
              [
                6.6733537,
                46.5954631
              ],
              [
                6.673319,
                46.595547
              ],
              [
                6.6732613,
                46.5954783
              ],
              [
                6.6731695,
                46.5954327
              ],
              [
                6.6733068,
                46.5964543
              ],
              [
                6.6729561,
                46.5964629
              ],
              [
                6.6728121,
                46.5970626
              ],
              [
                6.6725999,
                46.5978325
              ],
              [
                6.6723058,
                46.597856
              ],
              [
                6.6722963,
                46.5978915
              ],
              [
                6.6719305,
                46.5978611
              ],
              [
                6.6718521,
                46.5978651
              ],
              [
                6.6716526,
                46.5978224
              ],
              [
                6.6713862,
                46.597794
              ],
              [
                6.6713047,
                46.5977692
              ],
              [
                6.6712521,
                46.5978159
              ],
              [
                6.6711436,
                46.5978082
              ],
              [
                6.67104,
                46.5977625
              ],
              [
                6.6709472,
                46.5977792
              ],
              [
                6.6708448,
                46.5977831
              ],
              [
                6.670806,
                46.5977778
              ],
              [
                6.6706652,
                46.5977763
              ],
              [
                6.6706503,
                46.5977796
              ],
              [
                6.6705772,
                46.597815
              ],
              [
                6.6704025,
                46.5978002
              ],
              [
                6.6703647,
                46.5978173
              ],
              [
                6.6703665,
                46.5978533
              ],
              [
                6.6703487,
                46.5978865
              ],
              [
                6.6703009,
                46.5979242
              ],
              [
                6.6702011,
                46.5979219
              ],
              [
                6.6701767,
                46.597914
              ],
              [
                6.6700956,
                46.5979188
              ],
              [
                6.6700394,
                46.5979126
              ],
              [
                6.6699916,
                46.5978967
              ],
              [
                6.6699349,
                46.5978898
              ],
              [
                6.6699034,
                46.5978573
              ],
              [
                6.6698597,
                46.5978464
              ],
              [
                6.6698236,
                46.5978674
              ],
              [
                6.6697474,
                46.597873
              ],
              [
                6.6696415,
                46.5978926
              ],
              [
                6.669533,
                46.5979204
              ],
              [
                6.6694566,
                46.5979101
              ],
              [
                6.6693395,
                46.5978487
              ],
              [
                6.6693068,
                46.5978179
              ],
              [
                6.6692642,
                46.5978122
              ],
              [
                6.6692358,
                46.5977987
              ],
              [
                6.6692098,
                46.5977623
              ],
              [
                6.669222,
                46.5977021
              ],
              [
                6.6689884,
                46.5976096
              ],
              [
                6.6690058,
                46.5975034
              ],
              [
                6.6689894,
                46.5974804
              ],
              [
                6.6688159,
                46.5974288
              ],
              [
                6.6687703,
                46.5974389
              ],
              [
                6.6687505,
                46.5974281
              ],
              [
                6.6687608,
                46.5974046
              ],
              [
                6.6687609,
                46.5973833
              ],
              [
                6.6687408,
                46.5973399
              ],
              [
                6.6686758,
                46.5973005
              ],
              [
                6.668613,
                46.5972707
              ],
              [
                6.6685675,
                46.5972657
              ],
              [
                6.6684089,
                46.5972914
              ],
              [
                6.6683769,
                46.5972678
              ],
              [
                6.6683161,
                46.5971781
              ],
              [
                6.6679961,
                46.5974963
              ],
              [
                6.6676805,
                46.5981146
              ],
              [
                6.6673904,
                46.5985719
              ],
              [
                6.6671208,
                46.5991687
              ],
              [
                6.6667959,
                46.5993363
              ],
              [
                6.6665699,
                46.5994228
              ],
              [
                6.666552,
                46.5994541
              ],
              [
                6.6664376,
                46.5997535
              ],
              [
                6.6663137,
                46.600501
              ],
              [
                6.6662614,
                46.600771
              ],
              [
                6.6662257,
                46.6008004
              ],
              [
                6.6662233,
                46.6008539
              ],
              [
                6.666163,
                46.6008443
              ],
              [
                6.6661248,
                46.600841
              ],
              [
                6.6660469,
                46.6008902
              ],
              [
                6.6660158,
                46.600962
              ],
              [
                6.6660242,
                46.6009894
              ],
              [
                6.66597,
                46.6010407
              ],
              [
                6.6659392,
                46.6010399
              ],
              [
                6.6658094,
                46.6011059
              ],
              [
                6.6657552,
                46.6010991
              ],
              [
                6.665719,
                46.6011145
              ],
              [
                6.6656767,
                46.6011244
              ],
              [
                6.6656253,
                46.6011615
              ],
              [
                6.6656214,
                46.6012165
              ],
              [
                6.6656122,
                46.6012563
              ],
              [
                6.6656145,
                46.6013025
              ],
              [
                6.6655849,
                46.6013298
              ],
              [
                6.665593,
                46.6013566
              ],
              [
                6.665559,
                46.6014603
              ],
              [
                6.6655307,
                46.6014864
              ],
              [
                6.6655032,
                46.6015601
              ],
              [
                6.6654539,
                46.6015633
              ],
              [
                6.6654473,
                46.6016683
              ],
              [
                6.6653789,
                46.6016982
              ],
              [
                6.6653427,
                46.601767
              ],
              [
                6.6653005,
                46.6017858
              ],
              [
                6.6652343,
                46.6018006
              ],
              [
                6.6651812,
                46.60183
              ],
              [
                6.6650934,
                46.6018302
              ],
              [
                6.6650197,
                46.6018102
              ],
              [
                6.664896,
                46.6018078
              ],
              [
                6.6648379,
                46.6017719
              ],
              [
                6.6647697,
                46.6017589
              ],
              [
                6.6646712,
                46.6017946
              ],
              [
                6.6645607,
                46.601809
              ],
              [
                6.6644942,
                46.6018084
              ],
              [
                6.6644717,
                46.6018264
              ],
              [
                6.6644676,
                46.6018829
              ],
              [
                6.6643567,
                46.6019049
              ],
              [
                6.6642268,
                46.6018843
              ],
              [
                6.6641764,
                46.6019257
              ],
              [
                6.6641444,
                46.6019405
              ],
              [
                6.6641031,
                46.6019224
              ],
              [
                6.6640589,
                46.6019378
              ],
              [
                6.6640263,
                46.6019838
              ],
              [
                6.664021,
                46.6020236
              ],
              [
                6.6639899,
                46.602077
              ],
              [
                6.6639215,
                46.6021048
              ],
              [
                6.6639193,
                46.6020746
              ],
              [
                6.6638529,
                46.6020768
              ],
              [
                6.6637576,
                46.6021074
              ],
              [
                6.6636223,
                46.6021337
              ],
              [
                6.6632495,
                46.6021965
              ],
              [
                6.6632265,
                46.6022091
              ],
              [
                6.6632112,
                46.6022386
              ],
              [
                6.663158,
                46.6022636
              ],
              [
                6.6631216,
                46.602232
              ],
              [
                6.6630617,
                46.6022452
              ],
              [
                6.6630084,
                46.6022354
              ],
              [
                6.6629341,
                46.6021985
              ],
              [
                6.662886,
                46.6022088
              ],
              [
                6.6628698,
                46.6022356
              ],
              [
                6.662831,
                46.6022384
              ],
              [
                6.662807,
                46.6022079
              ],
              [
                6.6627481,
                46.6021884
              ],
              [
                6.6627091,
                46.6021963
              ],
              [
                6.6626554,
                46.6022358
              ],
              [
                6.6626386,
                46.6022391
              ],
              [
                6.6626324,
                46.6022011
              ],
              [
                6.6626093,
                46.6021692
              ],
              [
                6.6625713,
                46.6021427
              ],
              [
                6.6625582,
                46.6021648
              ],
              [
                6.6624806,
                46.6021644
              ],
              [
                6.6624542,
                46.6021389
              ],
              [
                6.6624128,
                46.602147
              ],
              [
                6.6624134,
                46.6021683
              ],
              [
                6.662387,
                46.6021819
              ],
              [
                6.6623114,
                46.6021908
              ],
              [
                6.6622301,
                46.602173
              ],
              [
                6.6621817,
                46.6021355
              ],
              [
                6.6621233,
                46.6021096
              ],
              [
                6.6620735,
                46.6021087
              ],
              [
                6.6620524,
                46.6021006
              ],
              [
                6.6619842,
                46.6021189
              ],
              [
                6.6619164,
                46.6020945
              ],
              [
                6.661803,
                46.6021068
              ],
              [
                6.6617848,
                46.6020661
              ],
              [
                6.661722,
                46.6020357
              ],
              [
                6.6616965,
                46.6020613
              ],
              [
                6.6616587,
                46.6020734
              ],
              [
                6.661578,
                46.6020619
              ],
              [
                6.6615094,
                46.6020762
              ],
              [
                6.6614747,
                46.6020718
              ],
              [
                6.6614256,
                46.6021297
              ],
              [
                6.6613878,
                46.6021541
              ],
              [
                6.6613091,
                46.6022496
              ],
              [
                6.6612058,
                46.6022816
              ],
              [
                6.6611814,
                46.6022714
              ],
              [
                6.661153,
                46.6022486
              ],
              [
                6.6611188,
                46.6022504
              ],
              [
                6.661115,
                46.6022898
              ],
              [
                6.6610629,
                46.6023167
              ],
              [
                6.6610563,
                46.6023383
              ],
              [
                6.6609938,
                46.6023593
              ],
              [
                6.6609017,
                46.6023614
              ],
              [
                6.6607082,
                46.6024073
              ],
              [
                6.660633,
                46.6024085
              ],
              [
                6.6605944,
                46.6024039
              ],
              [
                6.6605318,
                46.6024231
              ],
              [
                6.6604745,
                46.602452
              ],
              [
                6.6604295,
                46.6024425
              ],
              [
                6.6603926,
                46.6024022
              ],
              [
                6.6603467,
                46.6024204
              ],
              [
                6.6603047,
                46.6024565
              ],
              [
                6.6603218,
                46.602495
              ],
              [
                6.6603166,
                46.6025814
              ],
              [
                6.6601342,
                46.6021405
              ],
              [
                6.6601456,
                46.6018655
              ],
              [
                6.6600865,
                46.6016756
              ],
              [
                6.6599403,
                46.6014843
              ],
              [
                6.6597901,
                46.6012196
              ],
              [
                6.6595204,
                46.6009978
              ],
              [
                6.6592574,
                46.6008473
              ],
              [
                6.6592264,
                46.6007411
              ],
              [
                6.6591416,
                46.6005315
              ],
              [
                6.6589653,
                46.600274
              ],
              [
                6.6587812,
                46.6000328
              ],
              [
                6.658627,
                46.5997683
              ],
              [
                6.6584704,
                46.59932
              ],
              [
                6.6573842,
                46.5992133
              ],
              [
                6.6582964,
                46.598078
              ],
              [
                6.6585469,
                46.5977168
              ],
              [
                6.6588363,
                46.5973471
              ],
              [
                6.6591855,
                46.5968473
              ],
              [
                6.6593741,
                46.5965903
              ],
              [
                6.6595426,
                46.5964021
              ],
              [
                6.6598243,
                46.5961431
              ],
              [
                6.6596688,
                46.5959416
              ],
              [
                6.65967,
                46.5958038
              ],
              [
                6.6596759,
                46.5957961
              ],
              [
                6.6596407,
                46.5957753
              ],
              [
                6.6596407,
                46.5957406
              ],
              [
                6.6596518,
                46.5957034
              ],
              [
                6.6596489,
                46.5956916
              ],
              [
                6.6596223,
                46.5956788
              ],
              [
                6.6595442,
                46.595654
              ],
              [
                6.6594786,
                46.5956272
              ],
              [
                6.6592055,
                46.5954498
              ],
              [
                6.6591029,
                46.5954408
              ],
              [
                6.6590455,
                46.595416
              ],
              [
                6.6590143,
                46.5953943
              ],
              [
                6.6590047,
                46.5953603
              ],
              [
                6.6589916,
                46.595353
              ],
              [
                6.6588942,
                46.5953428
              ],
              [
                6.6588832,
                46.5953137
              ],
              [
                6.6588721,
                46.5953007
              ],
              [
                6.6584318,
                46.5950228
              ],
              [
                6.6584063,
                46.5950085
              ],
              [
                6.6583773,
                46.5950022
              ],
              [
                6.6582895,
                46.5949596
              ],
              [
                6.6582506,
                46.5949158
              ],
              [
                6.6581214,
                46.5948661
              ],
              [
                6.6580408,
                46.5947966
              ],
              [
                6.6579448,
                46.5947326
              ],
              [
                6.657906,
                46.5947235
              ],
              [
                6.6578509,
                46.5947206
              ],
              [
                6.6577545,
                46.5947439
              ],
              [
                6.6576876,
                46.5947473
              ],
              [
                6.6575198,
                46.5946997
              ],
              [
                6.6573515,
                46.5946274
              ],
              [
                6.6572639,
                46.5946024
              ],
              [
                6.6572131,
                46.5945687
              ],
              [
                6.6570908,
                46.5944208
              ],
              [
                6.6570482,
                46.5943956
              ],
              [
                6.6570286,
                46.594366
              ],
              [
                6.6569405,
                46.594321
              ],
              [
                6.6569231,
                46.5943069
              ],
              [
                6.656896,
                46.5942469
              ],
              [
                6.6568827,
                46.5942508
              ],
              [
                6.6568548,
                46.5942729
              ],
              [
                6.6568127,
                46.5942732
              ],
              [
                6.6567721,
                46.5942778
              ],
              [
                6.6566903,
                46.5942776
              ],
              [
                6.6566626,
                46.5942619
              ],
              [
                6.6566009,
                46.5942491
              ],
              [
                6.6565614,
                46.5942759
              ],
              [
                6.6564228,
                46.5942231
              ],
              [
                6.6564064,
                46.5941988
              ],
              [
                6.656385,
                46.5941239
              ],
              [
                6.6563815,
                46.5940819
              ],
              [
                6.6563587,
                46.5940498
              ],
              [
                6.6563381,
                46.5939859
              ],
              [
                6.6563312,
                46.593942
              ],
              [
                6.6562502,
                46.5938656
              ],
              [
                6.6561861,
                46.5939014
              ],
              [
                6.6561036,
                46.5940185
              ],
              [
                6.6561009,
                46.5940936
              ],
              [
                6.6561453,
                46.5941961
              ],
              [
                6.6560987,
                46.5942552
              ],
              [
                6.6557986,
                46.5943565
              ],
              [
                6.6555659,
                46.5944135
              ],
              [
                6.6554893,
                46.5944087
              ],
              [
                6.6553644,
                46.5944075
              ],
              [
                6.6553053,
                46.5943989
              ],
              [
                6.6551536,
                46.5942862
              ],
              [
                6.6551157,
                46.5941813
              ],
              [
                6.6549886,
                46.5939378
              ],
              [
                6.6548736,
                46.5938971
              ],
              [
                6.6548176,
                46.593904
              ],
              [
                6.654438,
                46.5939817
              ],
              [
                6.6541849,
                46.593915
              ],
              [
                6.6540563,
                46.5938314
              ],
              [
                6.6539815,
                46.5938012
              ],
              [
                6.6538278,
                46.5937766
              ],
              [
                6.6537637,
                46.5938103
              ],
              [
                6.6537949,
                46.593858
              ],
              [
                6.6538651,
                46.5940016
              ],
              [
                6.6538576,
                46.5941102
              ],
              [
                6.6538248,
                46.5942391
              ],
              [
                6.6537968,
                46.5942475
              ],
              [
                6.6536787,
                46.5942497
              ],
              [
                6.6535866,
                46.5941669
              ],
              [
                6.6534765,
                46.5941153
              ],
              [
                6.6532268,
                46.5940468
              ],
              [
                6.6531067,
                46.5940328
              ],
              [
                6.6530754,
                46.594035
              ],
              [
                6.652828,
                46.5938332
              ],
              [
                6.6528469,
                46.5935038
              ],
              [
                6.6529263,
                46.5933074
              ],
              [
                6.6530368,
                46.5931886
              ],
              [
                6.653018,
                46.593188
              ],
              [
                6.6529996,
                46.5931745
              ],
              [
                6.6523933,
                46.5931935
              ],
              [
                6.6521985,
                46.5931872
              ],
              [
                6.652007,
                46.593161
              ],
              [
                6.65182,
                46.5931197
              ],
              [
                6.651642,
                46.5930557
              ],
              [
                6.6511572,
                46.5928612
              ],
              [
                6.6510892,
                46.5929408
              ],
              [
                6.6506909,
                46.5928005
              ],
              [
                6.6501687,
                46.5926266
              ],
              [
                6.649983,
                46.5925523
              ],
              [
                6.649586,
                46.5922867
              ],
              [
                6.6495014,
                46.5923266
              ],
              [
                6.6492388,
                46.5920514
              ],
              [
                6.6488444,
                46.5918155
              ],
              [
                6.6482066,
                46.5913939
              ],
              [
                6.6481785,
                46.5914119
              ],
              [
                6.6476445,
                46.5910218
              ],
              [
                6.6476153,
                46.5909531
              ],
              [
                6.6469781,
                46.5905803
              ],
              [
                6.6467439,
                46.5903763
              ],
              [
                6.6464504,
                46.5902798
              ],
              [
                6.6470851,
                46.589777
              ],
              [
                6.64711,
                46.5897484
              ],
              [
                6.6471273,
                46.5896124
              ],
              [
                6.6471593,
                46.5895979
              ],
              [
                6.6471939,
                46.5896164
              ],
              [
                6.6472247,
                46.5895956
              ],
              [
                6.647271,
                46.5895429
              ],
              [
                6.6472567,
                46.5894763
              ],
              [
                6.6473063,
                46.589467
              ],
              [
                6.6473387,
                46.5894807
              ],
              [
                6.6473744,
                46.589471
              ],
              [
                6.6473861,
                46.5894433
              ],
              [
                6.6473628,
                46.5894041
              ],
              [
                6.6473372,
                46.5893722
              ],
              [
                6.6473423,
                46.5893317
              ],
              [
                6.6473388,
                46.5893028
              ],
              [
                6.6474509,
                46.5892414
              ],
              [
                6.647558,
                46.5892332
              ],
              [
                6.647565,
                46.5892217
              ],
              [
                6.6475199,
                46.5891935
              ],
              [
                6.6475422,
                46.5891752
              ],
              [
                6.6475918,
                46.5891894
              ],
              [
                6.647625,
                46.5891906
              ],
              [
                6.6476293,
                46.5891668
              ],
              [
                6.6476081,
                46.589136
              ],
              [
                6.6476397,
                46.5891314
              ],
              [
                6.6476888,
                46.5891405
              ],
              [
                6.6477076,
                46.5891502
              ],
              [
                6.6477959,
                46.5891129
              ],
              [
                6.6478552,
                46.5891001
              ],
              [
                6.6478995,
                46.5890856
              ],
              [
                6.6479297,
                46.58905
              ],
              [
                6.6479886,
                46.5890313
              ],
              [
                6.6480399,
                46.5890322
              ],
              [
                6.6480754,
                46.5889377
              ],
              [
                6.6480983,
                46.5889201
              ],
              [
                6.6481316,
                46.5889077
              ],
              [
                6.6481956,
                46.5889061
              ],
              [
                6.6482195,
                46.5888822
              ],
              [
                6.6482379,
                46.5888465
              ],
              [
                6.6482634,
                46.5888181
              ],
              [
                6.6482602,
                46.5887772
              ],
              [
                6.6482783,
                46.5887415
              ],
              [
                6.6482478,
                46.5887062
              ],
              [
                6.6482554,
                46.5886777
              ],
              [
                6.6482953,
                46.5886632
              ],
              [
                6.6483116,
                46.5886525
              ],
              [
                6.6483098,
                46.5885787
              ],
              [
                6.6482805,
                46.5884807
              ],
              [
                6.648262,
                46.5884653
              ],
              [
                6.6482822,
                46.5884525
              ],
              [
                6.6483524,
                46.5884473
              ],
              [
                6.6483517,
                46.5884027
              ],
              [
                6.6483945,
                46.5883588
              ],
              [
                6.6484852,
                46.5883355
              ],
              [
                6.6485067,
                46.5882815
              ],
              [
                6.648582,
                46.5883276
              ],
              [
                6.6486053,
                46.5883151
              ],
              [
                6.648656,
                46.5882695
              ],
              [
                6.6487237,
                46.5882882
              ],
              [
                6.6489106,
                46.5882728
              ],
              [
                6.6489221,
                46.5883252
              ],
              [
                6.6490793,
                46.5883737
              ],
              [
                6.6491057,
                46.588445
              ],
              [
                6.6491434,
                46.5884488
              ],
              [
                6.6491676,
                46.588434
              ],
              [
                6.6492051,
                46.5884499
              ],
              [
                6.6492977,
                46.5885092
              ],
              [
                6.6492791,
                46.5885762
              ],
              [
                6.6493174,
                46.5885962
              ],
              [
                6.6493636,
                46.58859
              ],
              [
                6.6494098,
                46.5886027
              ],
              [
                6.6494631,
                46.5885749
              ],
              [
                6.6495034,
                46.5885711
              ],
              [
                6.649549,
                46.5885975
              ],
              [
                6.649608,
                46.588609
              ],
              [
                6.6496852,
                46.588636
              ],
              [
                6.649741,
                46.5886603
              ],
              [
                6.6497434,
                46.5886994
              ],
              [
                6.6497744,
                46.5887152
              ],
              [
                6.6497999,
                46.5887068
              ],
              [
                6.6498277,
                46.5887254
              ],
              [
                6.649863,
                46.5887101
              ],
              [
                6.6498904,
                46.5886878
              ],
              [
                6.649945,
                46.588672
              ],
              [
                6.6499713,
                46.5886324
              ],
              [
                6.6500801,
                46.5886175
              ],
              [
                6.6501566,
                46.5886151
              ],
              [
                6.6502348,
                46.5885968
              ],
              [
                6.6503458,
                46.5885819
              ],
              [
                6.6504377,
                46.5885419
              ],
              [
                6.6505536,
                46.5885074
              ],
              [
                6.650596,
                46.5884849
              ],
              [
                6.6506304,
                46.5884586
              ],
              [
                6.6506388,
                46.5884394
              ],
              [
                6.6507365,
                46.5884056
              ],
              [
                6.6508187,
                46.5883621
              ],
              [
                6.6508814,
                46.5882999
              ],
              [
                6.6509105,
                46.5882949
              ],
              [
                6.6509532,
                46.5883095
              ],
              [
                6.65097,
                46.5883321
              ],
              [
                6.6510276,
                46.5883353
              ],
              [
                6.6510633,
                46.588346
              ],
              [
                6.6510916,
                46.5883836
              ],
              [
                6.6511167,
                46.5883808
              ],
              [
                6.6511533,
                46.5883654
              ],
              [
                6.6511832,
                46.588366
              ],
              [
                6.6511943,
                46.5883513
              ],
              [
                6.6511926,
                46.5883329
              ],
              [
                6.651211,
                46.5883208
              ],
              [
                6.6513074,
                46.5883083
              ],
              [
                6.6513504,
                46.5882754
              ],
              [
                6.6513615,
                46.588245
              ],
              [
                6.6514086,
                46.5881935
              ],
              [
                6.6514753,
                46.5881744
              ],
              [
                6.6514662,
                46.5881266
              ],
              [
                6.6514825,
                46.5881029
              ],
              [
                6.6514939,
                46.5880728
              ],
              [
                6.6515654,
                46.5880505
              ],
              [
                6.6515966,
                46.5880597
              ],
              [
                6.6516281,
                46.5880473
              ],
              [
                6.6516779,
                46.5880402
              ],
              [
                6.6517215,
                46.5880289
              ],
              [
                6.6517693,
                46.5880113
              ],
              [
                6.6517527,
                46.5879736
              ],
              [
                6.6518171,
                46.5879552
              ],
              [
                6.6518268,
                46.5879314
              ],
              [
                6.6518206,
                46.5878853
              ],
              [
                6.6518567,
                46.5878714
              ],
              [
                6.6518644,
                46.5878317
              ],
              [
                6.6518758,
                46.5878208
              ],
              [
                6.6518428,
                46.5877647
              ],
              [
                6.6518788,
                46.5876977
              ],
              [
                6.6518874,
                46.5876499
              ],
              [
                6.6519044,
                46.5876021
              ],
              [
                6.6519773,
                46.5875691
              ],
              [
                6.6520367,
                46.5875273
              ],
              [
                6.6520697,
                46.5875107
              ],
              [
                6.6521007,
                46.5875023
              ],
              [
                6.6520726,
                46.5874797
              ],
              [
                6.65296,
                46.5870399
              ],
              [
                6.6530725,
                46.5868776
              ],
              [
                6.6530254,
                46.5868364
              ],
              [
                6.653018,
                46.5868459
              ],
              [
                6.6530119,
                46.5868451
              ],
              [
                6.653034,
                46.5868121
              ],
              [
                6.6529322,
                46.5867578
              ],
              [
                6.6528709,
                46.5867024
              ],
              [
                6.6528295,
                46.5866445
              ],
              [
                6.6528298,
                46.5865979
              ],
              [
                6.6527867,
                46.5865461
              ],
              [
                6.6527965,
                46.5864917
              ],
              [
                6.6529109,
                46.5863555
              ],
              [
                6.6529463,
                46.5863489
              ],
              [
                6.6529942,
                46.5863328
              ],
              [
                6.6530045,
                46.5862825
              ],
              [
                6.6530284,
                46.586261
              ],
              [
                6.6531129,
                46.5861414
              ],
              [
                6.6531127,
                46.5860749
              ],
              [
                6.6530673,
                46.5860539
              ],
              [
                6.6530518,
                46.5860173
              ],
              [
                6.6530072,
                46.5859984
              ],
              [
                6.6529807,
                46.5859734
              ],
              [
                6.6529491,
                46.5858597
              ],
              [
                6.6529394,
                46.585772
              ],
              [
                6.6529464,
                46.5857671
              ],
              [
                6.652944,
                46.5857527
              ],
              [
                6.6528807,
                46.5857243
              ],
              [
                6.6528588,
                46.5857044
              ],
              [
                6.652843,
                46.5856602
              ],
              [
                6.6528487,
                46.5856465
              ],
              [
                6.6528775,
                46.5856364
              ],
              [
                6.6529157,
                46.5855972
              ],
              [
                6.6529067,
                46.5855507
              ],
              [
                6.6528962,
                46.5855324
              ],
              [
                6.652902,
                46.5855139
              ],
              [
                6.65295,
                46.5854757
              ],
              [
                6.6529804,
                46.585389
              ],
              [
                6.6529613,
                46.5853603
              ],
              [
                6.6529554,
                46.5853013
              ],
              [
                6.6529779,
                46.5852792
              ],
              [
                6.6529758,
                46.5852496
              ],
              [
                6.6529537,
                46.5852332
              ],
              [
                6.6529454,
                46.5852032
              ],
              [
                6.6529466,
                46.5851527
              ],
              [
                6.6529195,
                46.5851265
              ],
              [
                6.6529116,
                46.585094
              ],
              [
                6.6529451,
                46.5850194
              ],
              [
                6.6529257,
                46.584901
              ],
              [
                6.6528714,
                46.5848655
              ],
              [
                6.6528414,
                46.5847752
              ],
              [
                6.6528478,
                46.5847622
              ],
              [
                6.6528456,
                46.5846116
              ],
              [
                6.6529503,
                46.5844898
              ],
              [
                6.6529442,
                46.5844679
              ],
              [
                6.6529068,
                46.5844459
              ],
              [
                6.652878,
                46.5844399
              ],
              [
                6.6528444,
                46.5844239
              ],
              [
                6.6528408,
                46.5844037
              ],
              [
                6.6528761,
                46.5843579
              ],
              [
                6.6528851,
                46.5843224
              ],
              [
                6.6529238,
                46.584302
              ],
              [
                6.6530886,
                46.5842304
              ],
              [
                6.6531665,
                46.584212
              ],
              [
                6.6532428,
                46.5842109
              ],
              [
                6.6532846,
                46.5841659
              ],
              [
                6.6534181,
                46.584088
              ],
              [
                6.6534797,
                46.5840908
              ],
              [
                6.6534797,
                46.5840248
              ],
              [
                6.6534715,
                46.5839991
              ],
              [
                6.6535088,
                46.583984
              ],
              [
                6.653541,
                46.5839548
              ],
              [
                6.6535475,
                46.5838931
              ],
              [
                6.6535898,
                46.5838473
              ],
              [
                6.6535956,
                46.5838081
              ],
              [
                6.6535688,
                46.5837519
              ],
              [
                6.6536168,
                46.5837173
              ],
              [
                6.6536437,
                46.5837169
              ],
              [
                6.6536867,
                46.5836961
              ],
              [
                6.6536929,
                46.5836837
              ],
              [
                6.6536771,
                46.5836655
              ],
              [
                6.6536676,
                46.5836426
              ],
              [
                6.6536638,
                46.5836015
              ],
              [
                6.65369,
                46.5835632
              ],
              [
                6.6537236,
                46.5835434
              ],
              [
                6.6537176,
                46.5834841
              ],
              [
                6.6537192,
                46.583408
              ],
              [
                6.6536961,
                46.5833869
              ],
              [
                6.653693,
                46.583349
              ],
              [
                6.6536712,
                46.5833115
              ],
              [
                6.6536678,
                46.5831295
              ],
              [
                6.653647,
                46.5830982
              ],
              [
                6.6536563,
                46.5830668
              ],
              [
                6.6536531,
                46.5830304
              ],
              [
                6.653689,
                46.5830122
              ],
              [
                6.6537002,
                46.5829961
              ],
              [
                6.6536927,
                46.5829207
              ],
              [
                6.6536578,
                46.5828866
              ],
              [
                6.6536428,
                46.5828203
              ],
              [
                6.6536592,
                46.582779
              ],
              [
                6.653691,
                46.5827273
              ],
              [
                6.6537523,
                46.5826848
              ],
              [
                6.6537415,
                46.5826582
              ],
              [
                6.653673,
                46.5826114
              ],
              [
                6.6536786,
                46.5825973
              ],
              [
                6.6537241,
                46.5825924
              ],
              [
                6.6537765,
                46.582517
              ],
              [
                6.6538137,
                46.5823841
              ],
              [
                6.6537641,
                46.5823327
              ],
              [
                6.6538663,
                46.5822215
              ],
              [
                6.6539792,
                46.582167
              ],
              [
                6.6540978,
                46.5820549
              ],
              [
                6.6541567,
                46.5820108
              ],
              [
                6.6542376,
                46.5819596
              ],
              [
                6.6542823,
                46.5819397
              ],
              [
                6.6543788,
                46.5818672
              ],
              [
                6.654403,
                46.5817679
              ],
              [
                6.6544507,
                46.5817041
              ],
              [
                6.6545488,
                46.5814559
              ],
              [
                6.6545673,
                46.5813593
              ],
              [
                6.6546293,
                46.5812468
              ],
              [
                6.6546502,
                46.5811927
              ],
              [
                6.6547265,
                46.5810869
              ],
              [
                6.6547568,
                46.5810545
              ],
              [
                6.654778,
                46.5810483
              ],
              [
                6.6548997,
                46.5810458
              ],
              [
                6.6549553,
                46.5810575
              ],
              [
                6.6549902,
                46.5810395
              ],
              [
                6.6550487,
                46.5810166
              ],
              [
                6.6550734,
                46.5810139
              ],
              [
                6.6552469,
                46.5809219
              ],
              [
                6.6552825,
                46.5808751
              ],
              [
                6.6552684,
                46.5808601
              ],
              [
                6.6552872,
                46.5808167
              ],
              [
                6.6553126,
                46.5808
              ],
              [
                6.655311,
                46.5807122
              ],
              [
                6.6553413,
                46.5806829
              ],
              [
                6.6553357,
                46.5806682
              ],
              [
                6.6553737,
                46.5806448
              ],
              [
                6.6554539,
                46.5806297
              ],
              [
                6.6554802,
                46.580587
              ],
              [
                6.6554541,
                46.5805236
              ],
              [
                6.6554575,
                46.5804982
              ],
              [
                6.6554722,
                46.5804719
              ],
              [
                6.6554544,
                46.5803976
              ],
              [
                6.65542,
                46.5803244
              ],
              [
                6.6554314,
                46.5802836
              ],
              [
                6.6554213,
                46.5802504
              ],
              [
                6.6554358,
                46.5802137
              ],
              [
                6.6554394,
                46.5801528
              ],
              [
                6.6554918,
                46.5800937
              ],
              [
                6.6554933,
                46.5800812
              ],
              [
                6.6555491,
                46.5800294
              ],
              [
                6.6556892,
                46.5799386
              ],
              [
                6.6557392,
                46.5798545
              ],
              [
                6.6558681,
                46.5797292
              ],
              [
                6.6558997,
                46.5796557
              ],
              [
                6.655941,
                46.5796227
              ],
              [
                6.6559495,
                46.5794905
              ],
              [
                6.6559746,
                46.5794205
              ],
              [
                6.6559928,
                46.5793997
              ],
              [
                6.6560152,
                46.579321
              ],
              [
                6.6560775,
                46.5792145
              ],
              [
                6.6560829,
                46.5791749
              ],
              [
                6.6561889,
                46.5790832
              ],
              [
                6.6562136,
                46.579067
              ],
              [
                6.6562227,
                46.5790261
              ],
              [
                6.6562519,
                46.5789795
              ],
              [
                6.6562349,
                46.5789406
              ],
              [
                6.6562683,
                46.5788952
              ],
              [
                6.6562688,
                46.5788579
              ],
              [
                6.6562535,
                46.5788306
              ],
              [
                6.6563101,
                46.5787592
              ],
              [
                6.6563249,
                46.5786482
              ],
              [
                6.6563356,
                46.5786339
              ],
              [
                6.6563314,
                46.5785982
              ],
              [
                6.6563468,
                46.5785563
              ],
              [
                6.6563394,
                46.5785076
              ],
              [
                6.656356,
                46.5784627
              ],
              [
                6.6563429,
                46.5784437
              ],
              [
                6.6563612,
                46.5784047
              ],
              [
                6.6563633,
                46.5783827
              ],
              [
                6.6563409,
                46.5783575
              ],
              [
                6.6563557,
                46.5783289
              ],
              [
                6.6563558,
                46.5782304
              ],
              [
                6.6563454,
                46.5781802
              ],
              [
                6.656366,
                46.5781462
              ],
              [
                6.6563586,
                46.5781132
              ],
              [
                6.656379,
                46.5780345
              ],
              [
                6.6563939,
                46.5779231
              ],
              [
                6.656446,
                46.5778758
              ],
              [
                6.6564496,
                46.5778351
              ],
              [
                6.6564625,
                46.5778017
              ],
              [
                6.6564203,
                46.5777741
              ],
              [
                6.6564351,
                46.5777384
              ],
              [
                6.656483,
                46.5776879
              ],
              [
                6.6564895,
                46.5776563
              ],
              [
                6.6565158,
                46.5776088
              ],
              [
                6.6565204,
                46.577565
              ],
              [
                6.6565329,
                46.5775339
              ],
              [
                6.6565624,
                46.5772036
              ],
              [
                6.6565834,
                46.57714
              ],
              [
                6.656575,
                46.5771384
              ],
              [
                6.6567535,
                46.5765687
              ],
              [
                6.6569893,
                46.5759003
              ],
              [
                6.6569234,
                46.5756222
              ],
              [
                6.657159,
                46.575172
              ],
              [
                6.6571355,
                46.5746872
              ],
              [
                6.6571935,
                46.5745188
              ],
              [
                6.6574185,
                46.5743584
              ],
              [
                6.6579459,
                46.5746003
              ],
              [
                6.6583579,
                46.5744728
              ],
              [
                6.6587936,
                46.5742901
              ],
              [
                6.6589602,
                46.5743893
              ],
              [
                6.659489,
                46.5745945
              ],
              [
                6.659594,
                46.5736483
              ],
              [
                6.659529,
                46.5732367
              ],
              [
                6.6594498,
                46.57294
              ],
              [
                6.659422,
                46.5727946
              ],
              [
                6.6585928,
                46.572654
              ],
              [
                6.6586939,
                46.5719362
              ],
              [
                6.658856,
                46.5715303
              ],
              [
                6.6592114,
                46.5710241
              ],
              [
                6.6594549,
                46.5704481
              ],
              [
                6.6594757,
                46.5701824
              ],
              [
                6.6597426,
                46.5695525
              ],
              [
                6.6598357,
                46.5686548
              ],
              [
                6.659871,
                46.5679583
              ],
              [
                6.6598323,
                46.5675965
              ],
              [
                6.6599104,
                46.5670266
              ],
              [
                6.6593724,
                46.5663523
              ],
              [
                6.6588301,
                46.5656839
              ],
              [
                6.6583008,
                46.5650057
              ],
              [
                6.6577686,
                46.5643349
              ],
              [
                6.6576297,
                46.5636767
              ],
              [
                6.6574732,
                46.5629717
              ],
              [
                6.6571395,
                46.5615924
              ],
              [
                6.6610923,
                46.5602134
              ],
              [
                6.6610826,
                46.5602393
              ],
              [
                6.6610995,
                46.5602668
              ],
              [
                6.661145,
                46.5603042
              ],
              [
                6.661225,
                46.5603587
              ],
              [
                6.6612489,
                46.5604335
              ],
              [
                6.6612316,
                46.5604547
              ],
              [
                6.6611684,
                46.5604633
              ],
              [
                6.661138,
                46.560485
              ],
              [
                6.6610922,
                46.5605521
              ],
              [
                6.6611573,
                46.5606754
              ],
              [
                6.6612401,
                46.5607285
              ],
              [
                6.6612441,
                46.560754
              ],
              [
                6.6612089,
                46.5608527
              ],
              [
                6.6611608,
                46.5609612
              ],
              [
                6.6611615,
                46.5611176
              ],
              [
                6.6612393,
                46.5611765
              ],
              [
                6.6612787,
                46.5612704
              ],
              [
                6.6613333,
                46.5613139
              ],
              [
                6.6613387,
                46.5613394
              ],
              [
                6.6612931,
                46.5613989
              ],
              [
                6.6612981,
                46.5614761
              ],
              [
                6.6611836,
                46.561639
              ],
              [
                6.6611524,
                46.5616671
              ],
              [
                6.6610198,
                46.561894
              ],
              [
                6.6610618,
                46.5619678
              ],
              [
                6.6611674,
                46.5620214
              ],
              [
                6.6611844,
                46.562086
              ],
              [
                6.6611594,
                46.562135
              ],
              [
                6.6611192,
                46.562167
              ],
              [
                6.6611048,
                46.5621849
              ],
              [
                6.6609851,
                46.5622491
              ],
              [
                6.6609481,
                46.5623798
              ],
              [
                6.6610471,
                46.562405
              ],
              [
                6.6611395,
                46.5623961
              ],
              [
                6.6612042,
                46.56243
              ],
              [
                6.6612355,
                46.5624853
              ],
              [
                6.6612585,
                46.5625006
              ],
              [
                6.6613488,
                46.562608
              ],
              [
                6.6613501,
                46.5626759
              ],
              [
                6.6614021,
                46.562727
              ],
              [
                6.6615236,
                46.5627848
              ],
              [
                6.6617428,
                46.5629876
              ],
              [
                6.6617914,
                46.5630776
              ],
              [
                6.6618025,
                46.5631581
              ],
              [
                6.661829,
                46.5631695
              ],
              [
                6.6621256,
                46.5632369
              ],
              [
                6.6621385,
                46.5632242
              ],
              [
                6.6624725,
                46.5634309
              ],
              [
                6.6625515,
                46.5635423
              ],
              [
                6.6625948,
                46.5635917
              ],
              [
                6.6628785,
                46.5637502
              ],
              [
                6.6629355,
                46.5638291
              ],
              [
                6.6631226,
                46.56394
              ],
              [
                6.6631975,
                46.5639652
              ],
              [
                6.6632835,
                46.5640185
              ],
              [
                6.6633962,
                46.564151
              ],
              [
                6.6633899,
                46.5642279
              ],
              [
                6.6634442,
                46.5643243
              ],
              [
                6.6634788,
                46.5643422
              ],
              [
                6.6636158,
                46.5643091
              ],
              [
                6.6636783,
                46.5643196
              ],
              [
                6.6638254,
                46.5643831
              ],
              [
                6.6638441,
                46.5644075
              ],
              [
                6.6639027,
                46.5644605
              ],
              [
                6.6640306,
                46.5644538
              ],
              [
                6.6640497,
                46.564445
              ],
              [
                6.6642953,
                46.5644597
              ],
              [
                6.6643802,
                46.5645357
              ],
              [
                6.6645453,
                46.5645728
              ],
              [
                6.664633,
                46.5645618
              ],
              [
                6.6647335,
                46.5645879
              ],
              [
                6.6647849,
                46.5646242
              ],
              [
                6.6648263,
                46.5646884
              ],
              [
                6.6649595,
                46.5647341
              ],
              [
                6.665085,
                46.564872
              ],
              [
                6.6651446,
                46.5649314
              ],
              [
                6.6651757,
                46.5649339
              ],
              [
                6.6652939,
                46.5650341
              ],
              [
                6.6653415,
                46.5650655
              ],
              [
                6.6653605,
                46.5651046
              ],
              [
                6.6653622,
                46.5651535
              ],
              [
                6.6653882,
                46.5652381
              ],
              [
                6.6653831,
                46.5652826
              ],
              [
                6.6654109,
                46.565312
              ],
              [
                6.6655106,
                46.5653137
              ],
              [
                6.6655568,
                46.5653345
              ],
              [
                6.6655963,
                46.565376
              ],
              [
                6.6656765,
                46.565398
              ],
              [
                6.665741,
                46.5653963
              ],
              [
                6.6658468,
                46.5654185
              ],
              [
                6.6659355,
                46.5655034
              ],
              [
                6.6659807,
                46.5655139
              ],
              [
                6.6659998,
                46.5655562
              ],
              [
                6.6660316,
                46.5655771
              ],
              [
                6.6660653,
                46.5656178
              ],
              [
                6.6661206,
                46.5656398
              ],
              [
                6.6661552,
                46.5656661
              ],
              [
                6.6662068,
                46.5656825
              ],
              [
                6.666288,
                46.5657269
              ],
              [
                6.6665002,
                46.5657864
              ],
              [
                6.6666059,
                46.5657684
              ],
              [
                6.6667451,
                46.56576
              ],
              [
                6.6668372,
                46.5657803
              ],
              [
                6.6669955,
                46.5658035
              ],
              [
                6.6671338,
                46.5657939
              ],
              [
                6.6672259,
                46.5658535
              ],
              [
                6.667308,
                46.5658715
              ],
              [
                6.6673838,
                46.5658668
              ],
              [
                6.6674334,
                46.565891
              ],
              [
                6.6674668,
                46.5659542
              ],
              [
                6.6675213,
                46.5659538
              ],
              [
                6.6676198,
                46.5659911
              ],
              [
                6.6676726,
                46.5659848
              ],
              [
                6.667717,
                46.5660054
              ],
              [
                6.6677761,
                46.5660052
              ],
              [
                6.6678103,
                46.5660158
              ],
              [
                6.6678485,
                46.566051
              ],
              [
                6.6679281,
                46.5660611
              ],
              [
                6.6679578,
                46.5660779
              ],
              [
                6.6679867,
                46.5661085
              ],
              [
                6.6680067,
                46.5661584
              ],
              [
                6.6680459,
                46.5661904
              ],
              [
                6.6680957,
                46.5662398
              ],
              [
                6.6681297,
                46.5662341
              ],
              [
                6.6681958,
                46.5662759
              ],
              [
                6.6681708,
                46.5662936
              ],
              [
                6.6681181,
                46.5662866
              ],
              [
                6.6681216,
                46.5663144
              ],
              [
                6.6681451,
                46.5663502
              ],
              [
                6.6681499,
                46.5664102
              ],
              [
                6.6681625,
                46.56641
              ],
              [
                6.6681989,
                46.5664501
              ],
              [
                6.6681843,
                46.566515
              ],
              [
                6.6682074,
                46.5665233
              ],
              [
                6.6682852,
                46.5665409
              ],
              [
                6.6683335,
                46.5665179
              ],
              [
                6.6683495,
                46.5664828
              ],
              [
                6.6684136,
                46.5665167
              ],
              [
                6.6684245,
                46.5665141
              ],
              [
                6.6684659,
                46.5664744
              ],
              [
                6.6685312,
                46.5665205
              ],
              [
                6.6685549,
                46.5665531
              ],
              [
                6.6685884,
                46.566578
              ],
              [
                6.6685924,
                46.5666088
              ],
              [
                6.6685657,
                46.5666268
              ],
              [
                6.6685693,
                46.5666478
              ],
              [
                6.6685974,
                46.5666611
              ],
              [
                6.6686368,
                46.5666324
              ],
              [
                6.6687153,
                46.5666526
              ],
              [
                6.6688614,
                46.566652
              ],
              [
                6.6688984,
                46.5666751
              ],
              [
                6.6689043,
                46.5667104
              ],
              [
                6.6689353,
                46.5667156
              ],
              [
                6.6689456,
                46.5667479
              ],
              [
                6.66902,
                46.5667525
              ],
              [
                6.6690642,
                46.566784
              ],
              [
                6.669115,
                46.5667946
              ],
              [
                6.6691525,
                46.5667877
              ],
              [
                6.6691846,
                46.5667634
              ],
              [
                6.6692172,
                46.5667635
              ],
              [
                6.6692513,
                46.5667835
              ],
              [
                6.6692952,
                46.5667792
              ],
              [
                6.6693127,
                46.5667536
              ],
              [
                6.6693407,
                46.5667561
              ],
              [
                6.6693732,
                46.5667704
              ],
              [
                6.6694351,
                46.5667312
              ],
              [
                6.6694772,
                46.5667321
              ],
              [
                6.6695786,
                46.5666895
              ],
              [
                6.6696354,
                46.5666841
              ],
              [
                6.6696931,
                46.5667014
              ],
              [
                6.6697106,
                46.5667575
              ],
              [
                6.669723,
                46.5667744
              ],
              [
                6.6698062,
                46.5668031
              ],
              [
                6.6698539,
                46.566766
              ],
              [
                6.6698939,
                46.5667637
              ],
              [
                6.6698997,
                46.5667501
              ],
              [
                6.6699118,
                46.566747
              ],
              [
                6.6699535,
                46.5667769
              ],
              [
                6.6700063,
                46.5667567
              ],
              [
                6.670071,
                46.5667777
              ],
              [
                6.6700897,
                46.5667751
              ],
              [
                6.6700716,
                46.5667402
              ],
              [
                6.6700465,
                46.5667308
              ],
              [
                6.6700462,
                46.5667019
              ],
              [
                6.6700698,
                46.5666877
              ],
              [
                6.670108,
                46.5667224
              ],
              [
                6.6701175,
                46.5667198
              ],
              [
                6.6701095,
                46.566653
              ],
              [
                6.6701285,
                46.5666339
              ],
              [
                6.670174,
                46.5666462
              ],
              [
                6.670237,
                46.5666762
              ],
              [
                6.6702477,
                46.5666752
              ],
              [
                6.6702562,
                46.5666364
              ],
              [
                6.6702896,
                46.5666247
              ],
              [
                6.6703115,
                46.5666415
              ],
              [
                6.6703449,
                46.5666161
              ],
              [
                6.6703741,
                46.5666286
              ],
              [
                6.6704063,
                46.5666187
              ],
              [
                6.6704764,
                46.5666395
              ],
              [
                6.6704886,
                46.5665988
              ],
              [
                6.6705021,
                46.5665964
              ],
              [
                6.6705387,
                46.5666043
              ],
              [
                6.6705474,
                46.5666026
              ],
              [
                6.6705919,
                46.5665467
              ],
              [
                6.6706287,
                46.5665365
              ],
              [
                6.6707991,
                46.5665648
              ],
              [
                6.67084,
                46.5665368
              ],
              [
                6.6709273,
                46.5665108
              ],
              [
                6.6709333,
                46.5664763
              ],
              [
                6.6709094,
                46.5663897
              ],
              [
                6.6710473,
                46.5663303
              ],
              [
                6.6710855,
                46.5663244
              ],
              [
                6.671092,
                46.566304
              ],
              [
                6.6710535,
                46.5662526
              ],
              [
                6.6710672,
                46.5661957
              ],
              [
                6.6710979,
                46.5661633
              ],
              [
                6.6711827,
                46.5661711
              ],
              [
                6.6711978,
                46.5661665
              ],
              [
                6.6712397,
                46.5661888
              ],
              [
                6.6713298,
                46.5662102
              ],
              [
                6.6714128,
                46.5660099
              ],
              [
                6.6714036,
                46.565985
              ],
              [
                6.6714157,
                46.565978
              ],
              [
                6.6714728,
                46.5660133
              ],
              [
                6.6715013,
                46.5660205
              ],
              [
                6.6715314,
                46.5660132
              ],
              [
                6.6715508,
                46.565974
              ],
              [
                6.6716039,
                46.5659865
              ],
              [
                6.6716342,
                46.5659751
              ],
              [
                6.6716746,
                46.56591
              ],
              [
                6.6716641,
                46.5658896
              ],
              [
                6.6716177,
                46.5658781
              ],
              [
                6.6717033,
                46.5658064
              ],
              [
                6.6717533,
                46.5658201
              ],
              [
                6.6717985,
                46.5658164
              ],
              [
                6.6718057,
                46.5658125
              ],
              [
                6.6717772,
                46.5657945
              ],
              [
                6.6717822,
                46.565778
              ],
              [
                6.6718385,
                46.5657327
              ],
              [
                6.6718167,
                46.5656969
              ],
              [
                6.6718396,
                46.5656862
              ],
              [
                6.6718852,
                46.5657183
              ],
              [
                6.6719095,
                46.5657196
              ],
              [
                6.6719556,
                46.5656968
              ],
              [
                6.6719597,
                46.5656761
              ],
              [
                6.6719882,
                46.5656613
              ],
              [
                6.6720819,
                46.5656492
              ],
              [
                6.6721117,
                46.5656358
              ],
              [
                6.6721278,
                46.5656143
              ],
              [
                6.6720873,
                46.5655819
              ],
              [
                6.6721313,
                46.5655541
              ],
              [
                6.6721586,
                46.5655774
              ],
              [
                6.6721719,
                46.5655743
              ],
              [
                6.6721977,
                46.5655353
              ],
              [
                6.6722309,
                46.5655533
              ],
              [
                6.6722525,
                46.5655384
              ],
              [
                6.6722811,
                46.5654922
              ],
              [
                6.6723567,
                46.5654611
              ],
              [
                6.6723749,
                46.5654644
              ],
              [
                6.6723972,
                46.5655026
              ],
              [
                6.6724378,
                46.5654984
              ],
              [
                6.6724995,
                46.5655051
              ],
              [
                6.6725618,
                46.5655023
              ],
              [
                6.6725773,
                46.5655264
              ],
              [
                6.6725972,
                46.5655333
              ],
              [
                6.6726251,
                46.5655121
              ],
              [
                6.6726992,
                46.5655417
              ],
              [
                6.6727728,
                46.5655496
              ],
              [
                6.6728925,
                46.5654948
              ],
              [
                6.6729022,
                46.5654731
              ],
              [
                6.6729846,
                46.5654724
              ],
              [
                6.6730003,
                46.5654625
              ],
              [
                6.6733709,
                46.5655815
              ],
              [
                6.6735401,
                46.5655203
              ],
              [
                6.6737735,
                46.5654148
              ],
              [
                6.6734852,
                46.5652842
              ],
              [
                6.6730429,
                46.565001
              ],
              [
                6.6727033,
                46.5647066
              ],
              [
                6.6722789,
                46.5645008
              ],
              [
                6.6720659,
                46.5644745
              ],
              [
                6.6715802,
                46.5644772
              ],
              [
                6.6711744,
                46.5645151
              ],
              [
                6.6708401,
                46.5644991
              ],
              [
                6.6703198,
                46.5637242
              ],
              [
                6.6700707,
                46.5633599
              ],
              [
                6.6692064,
                46.5623913
              ],
              [
                6.668944,
                46.5621442
              ],
              [
                6.6701161,
                46.5610519
              ],
              [
                6.6696318,
                46.5608495
              ],
              [
                6.6699789,
                46.5606533
              ],
              [
                6.6703652,
                46.5604968
              ],
              [
                6.6706711,
                46.5604036
              ],
              [
                6.67172,
                46.5596489
              ],
              [
                6.6723031,
                46.5591959
              ],
              [
                6.6731114,
                46.5585423
              ],
              [
                6.6733161,
                46.5584058
              ],
              [
                6.6738784,
                46.5581912
              ],
              [
                6.6740182,
                46.5583639
              ],
              [
                6.6744114,
                46.5581914
              ],
              [
                6.6742256,
                46.5579352
              ],
              [
                6.6748053,
                46.5576668
              ],
              [
                6.6749218,
                46.5577929
              ],
              [
                6.6755484,
                46.5575537
              ],
              [
                6.6755905,
                46.5575062
              ],
              [
                6.675369,
                46.5574173
              ],
              [
                6.6751872,
                46.5573156
              ],
              [
                6.6757443,
                46.556862
              ],
              [
                6.678252,
                46.5558047
              ],
              [
                6.6785522,
                46.5560005
              ],
              [
                6.6789226,
                46.5562309
              ],
              [
                6.6790283,
                46.5563109
              ],
              [
                6.6791971,
                46.5564862
              ],
              [
                6.6793585,
                46.5567372
              ],
              [
                6.681221,
                46.5556009
              ],
              [
                6.6814939,
                46.5558043
              ],
              [
                6.6815377,
                46.5557844
              ],
              [
                6.6825888,
                46.5555957
              ],
              [
                6.6830137,
                46.5555998
              ],
              [
                6.6835549,
                46.5556005
              ],
              [
                6.6836716,
                46.5554872
              ],
              [
                6.6839064,
                46.5556257
              ],
              [
                6.6841975,
                46.5560189
              ],
              [
                6.6845282,
                46.5565904
              ],
              [
                6.6846012,
                46.5566472
              ],
              [
                6.6846979,
                46.5566838
              ],
              [
                6.6848068,
                46.5566969
              ],
              [
                6.6848293,
                46.5566559
              ],
              [
                6.6848381,
                46.5566096
              ],
              [
                6.6848511,
                46.5565978
              ],
              [
                6.6848891,
                46.5565845
              ],
              [
                6.6849823,
                46.5565414
              ],
              [
                6.6850249,
                46.556517
              ],
              [
                6.6850881,
                46.5565062
              ],
              [
                6.6851798,
                46.5564443
              ],
              [
                6.6851864,
                46.5563878
              ],
              [
                6.6852413,
                46.5563467
              ],
              [
                6.6853896,
                46.5563445
              ],
              [
                6.6854701,
                46.5562922
              ],
              [
                6.6855376,
                46.5562321
              ],
              [
                6.6855973,
                46.5562027
              ],
              [
                6.6856562,
                46.5560953
              ],
              [
                6.6856601,
                46.5560514
              ],
              [
                6.6857068,
                46.5560123
              ],
              [
                6.6857295,
                46.556001
              ],
              [
                6.6857551,
                46.5559612
              ],
              [
                6.6858043,
                46.5557973
              ],
              [
                6.6857746,
                46.5557328
              ],
              [
                6.6857577,
                46.5557179
              ],
              [
                6.6857248,
                46.5557007
              ],
              [
                6.6857219,
                46.5556823
              ],
              [
                6.6857762,
                46.5556367
              ],
              [
                6.6858015,
                46.5555955
              ],
              [
                6.6858236,
                46.555577
              ],
              [
                6.6858627,
                46.5555361
              ],
              [
                6.6858306,
                46.5554439
              ],
              [
                6.6857958,
                46.5554018
              ],
              [
                6.685802,
                46.5553841
              ],
              [
                6.6858466,
                46.5553642
              ],
              [
                6.6859293,
                46.5552856
              ],
              [
                6.6859827,
                46.5552864
              ],
              [
                6.6860424,
                46.5552955
              ],
              [
                6.6860709,
                46.5552788
              ],
              [
                6.6860866,
                46.5552303
              ],
              [
                6.6860248,
                46.5551669
              ],
              [
                6.6860742,
                46.5551201
              ],
              [
                6.6861128,
                46.5550538
              ],
              [
                6.6860932,
                46.554984
              ],
              [
                6.6860847,
                46.5549086
              ],
              [
                6.6861415,
                46.5548825
              ],
              [
                6.6861545,
                46.5548226
              ],
              [
                6.6861574,
                46.5546542
              ],
              [
                6.6861654,
                46.5545955
              ],
              [
                6.6861929,
                46.5545467
              ],
              [
                6.68624,
                46.5545045
              ],
              [
                6.6862883,
                46.5544309
              ],
              [
                6.6862804,
                46.5543804
              ],
              [
                6.6863067,
                46.5543471
              ],
              [
                6.686361,
                46.5543465
              ],
              [
                6.6865181,
                46.5542336
              ],
              [
                6.6865298,
                46.5542296
              ],
              [
                6.6865673,
                46.5542006
              ],
              [
                6.6866066,
                46.5541152
              ],
              [
                6.686638,
                46.5539559
              ],
              [
                6.6865657,
                46.5537745
              ],
              [
                6.6864887,
                46.5536777
              ],
              [
                6.6864757,
                46.5535969
              ],
              [
                6.6864576,
                46.5534316
              ],
              [
                6.6863752,
                46.5532709
              ],
              [
                6.6863631,
                46.5531752
              ],
              [
                6.6863296,
                46.553032
              ],
              [
                6.6862188,
                46.5529439
              ],
              [
                6.6861995,
                46.5529158
              ],
              [
                6.6862519,
                46.552693
              ],
              [
                6.6862583,
                46.5526087
              ],
              [
                6.686177,
                46.552518
              ],
              [
                6.6859703,
                46.5524174
              ],
              [
                6.6858978,
                46.5523732
              ],
              [
                6.6857597,
                46.5523044
              ],
              [
                6.6856998,
                46.5522312
              ],
              [
                6.6856358,
                46.5522072
              ],
              [
                6.6855355,
                46.5522345
              ],
              [
                6.6854336,
                46.5522501
              ],
              [
                6.6853838,
                46.5522494
              ],
              [
                6.6852954,
                46.5521659
              ],
              [
                6.6852611,
                46.5520848
              ],
              [
                6.6853359,
                46.5518168
              ],
              [
                6.6852971,
                46.5517489
              ],
              [
                6.6851912,
                46.5517055
              ],
              [
                6.6849242,
                46.5517178
              ],
              [
                6.6847649,
                46.551661
              ],
              [
                6.6846959,
                46.5515968
              ],
              [
                6.6846246,
                46.5514281
              ],
              [
                6.6845789,
                46.5513557
              ],
              [
                6.6845888,
                46.5512808
              ],
              [
                6.6846069,
                46.5512512
              ],
              [
                6.6846144,
                46.5511519
              ],
              [
                6.684579,
                46.5510279
              ],
              [
                6.6844688,
                46.5509073
              ],
              [
                6.6844025,
                46.5508567
              ],
              [
                6.684346,
                46.5508009
              ],
              [
                6.6843436,
                46.5507492
              ],
              [
                6.6844901,
                46.5504755
              ],
              [
                6.6845135,
                46.5503517
              ],
              [
                6.6845658,
                46.5501475
              ],
              [
                6.684456,
                46.5500239
              ],
              [
                6.6843899,
                46.5498646
              ],
              [
                6.6844464,
                46.5496781
              ],
              [
                6.6844426,
                46.5496313
              ],
              [
                6.6844628,
                46.5495669
              ],
              [
                6.6846298,
                46.5495064
              ],
              [
                6.6846285,
                46.5494136
              ],
              [
                6.6845648,
                46.5493479
              ],
              [
                6.6846062,
                46.5492849
              ],
              [
                6.6847129,
                46.5492549
              ],
              [
                6.6847812,
                46.5492133
              ],
              [
                6.6848165,
                46.5490479
              ],
              [
                6.6845887,
                46.5488228
              ],
              [
                6.6844499,
                46.5487665
              ],
              [
                6.6844112,
                46.548668
              ],
              [
                6.6841738,
                46.5486771
              ],
              [
                6.6840526,
                46.5486719
              ],
              [
                6.6840114,
                46.5486588
              ],
              [
                6.6838521,
                46.548527
              ],
              [
                6.6837346,
                46.5483257
              ],
              [
                6.6835772,
                46.5481478
              ],
              [
                6.6834324,
                46.5481414
              ],
              [
                6.6833223,
                46.5480901
              ],
              [
                6.6833525,
                46.5479721
              ],
              [
                6.6833159,
                46.5478444
              ],
              [
                6.6831689,
                46.5476576
              ],
              [
                6.6830539,
                46.5475903
              ],
              [
                6.682936,
                46.5475887
              ],
              [
                6.6828585,
                46.5475371
              ],
              [
                6.6827382,
                46.5474059
              ],
              [
                6.682597,
                46.5472636
              ],
              [
                6.6823155,
                46.547172
              ],
              [
                6.6822833,
                46.5471677
              ],
              [
                6.6822345,
                46.5471145
              ],
              [
                6.6820437,
                46.5470844
              ],
              [
                6.6819323,
                46.5470033
              ],
              [
                6.6817578,
                46.5469937
              ],
              [
                6.6816497,
                46.5469395
              ],
              [
                6.6815727,
                46.546919
              ],
              [
                6.6815055,
                46.5468174
              ],
              [
                6.6815944,
                46.5466987
              ],
              [
                6.681494,
                46.5465873
              ],
              [
                6.6814069,
                46.5465814
              ],
              [
                6.6813301,
                46.5465895
              ],
              [
                6.6813486,
                46.5465609
              ],
              [
                6.6813353,
                46.5464283
              ],
              [
                6.6813109,
                46.5462811
              ],
              [
                6.6812946,
                46.5462394
              ],
              [
                6.681126,
                46.5461618
              ],
              [
                6.6809047,
                46.5461967
              ],
              [
                6.6807327,
                46.5460403
              ],
              [
                6.680626,
                46.5459683
              ],
              [
                6.6805063,
                46.5459074
              ],
              [
                6.6804927,
                46.5458603
              ],
              [
                6.6804029,
                46.545774
              ],
              [
                6.6802884,
                46.5457768
              ],
              [
                6.6802428,
                46.545744
              ],
              [
                6.6802599,
                46.5457318
              ],
              [
                6.6802343,
                46.5456748
              ],
              [
                6.680176,
                46.5456729
              ],
              [
                6.6800553,
                46.5456521
              ],
              [
                6.6798717,
                46.5454516
              ],
              [
                6.6797481,
                46.5454421
              ],
              [
                6.6795479,
                46.5454001
              ],
              [
                6.6792714,
                46.5452804
              ],
              [
                6.6792368,
                46.5451265
              ],
              [
                6.6792206,
                46.5451067
              ],
              [
                6.6791762,
                46.5450845
              ],
              [
                6.6791572,
                46.5450854
              ],
              [
                6.6789927,
                46.5450757
              ],
              [
                6.6785705,
                46.5449177
              ],
              [
                6.6784237,
                46.5448525
              ],
              [
                6.6783483,
                46.5447838
              ],
              [
                6.678246,
                46.5447013
              ],
              [
                6.6781988,
                46.5446271
              ],
              [
                6.6780066,
                46.5444655
              ],
              [
                6.678016,
                46.5443969
              ],
              [
                6.6780125,
                46.5443376
              ],
              [
                6.6779669,
                46.5442098
              ],
              [
                6.6780538,
                46.544097
              ],
              [
                6.677956,
                46.5440065
              ],
              [
                6.6780001,
                46.5438943
              ],
              [
                6.6778731,
                46.5436588
              ],
              [
                6.6777448,
                46.5435778
              ],
              [
                6.6774994,
                46.5433745
              ],
              [
                6.6772436,
                46.5432736
              ],
              [
                6.6772342,
                46.5432467
              ],
              [
                6.6772872,
                46.5431469
              ],
              [
                6.6773133,
                46.5430282
              ],
              [
                6.6773055,
                46.5429059
              ],
              [
                6.6773302,
                46.5428859
              ],
              [
                6.6773282,
                46.5427745
              ],
              [
                6.6773398,
                46.5427562
              ],
              [
                6.6773079,
                46.5426277
              ],
              [
                6.6773654,
                46.5424738
              ],
              [
                6.6773562,
                46.5423276
              ],
              [
                6.6774487,
                46.5422025
              ],
              [
                6.677363,
                46.5421057
              ],
              [
                6.6772327,
                46.5420044
              ],
              [
                6.6772638,
                46.5419317
              ],
              [
                6.6773486,
                46.5418815
              ],
              [
                6.6772998,
                46.5417875
              ],
              [
                6.6771968,
                46.5416912
              ],
              [
                6.6772177,
                46.541671
              ],
              [
                6.6772064,
                46.5416181
              ],
              [
                6.6771489,
                46.5414281
              ],
              [
                6.6770623,
                46.5413671
              ],
              [
                6.6769752,
                46.5413836
              ],
              [
                6.6768371,
                46.5413828
              ],
              [
                6.676742,
                46.5412814
              ],
              [
                6.6765948,
                46.5412297
              ],
              [
                6.6764342,
                46.5411533
              ],
              [
                6.6762701,
                46.541012
              ],
              [
                6.6761492,
                46.5409926
              ],
              [
                6.6760376,
                46.5408584
              ],
              [
                6.6759627,
                46.5408165
              ],
              [
                6.6758117,
                46.5408192
              ],
              [
                6.6757327,
                46.5407731
              ],
              [
                6.6755478,
                46.540526
              ],
              [
                6.6755506,
                46.5404652
              ],
              [
                6.6755737,
                46.5403051
              ],
              [
                6.6755569,
                46.5402238
              ],
              [
                6.6754637,
                46.5400801
              ],
              [
                6.6754305,
                46.5398387
              ],
              [
                6.6754188,
                46.5398167
              ],
              [
                6.6753713,
                46.5397565
              ],
              [
                6.6752796,
                46.5396871
              ],
              [
                6.6751851,
                46.5396036
              ],
              [
                6.6750851,
                46.5394786
              ],
              [
                6.6750139,
                46.5393718
              ],
              [
                6.6749013,
                46.5392384
              ],
              [
                6.6749298,
                46.5391591
              ],
              [
                6.6749009,
                46.5390382
              ],
              [
                6.6748984,
                46.5390011
              ],
              [
                6.6749191,
                46.5389082
              ],
              [
                6.6749501,
                46.5388587
              ],
              [
                6.6748863,
                46.5387727
              ],
              [
                6.6747985,
                46.5387269
              ],
              [
                6.6746855,
                46.5386227
              ],
              [
                6.6746741,
                46.5385531
              ],
              [
                6.6746805,
                46.5385388
              ],
              [
                6.6745859,
                46.5383865
              ],
              [
                6.6744537,
                46.5382559
              ],
              [
                6.6743701,
                46.5380893
              ],
              [
                6.6743432,
                46.5380668
              ],
              [
                6.6743035,
                46.5380086
              ],
              [
                6.6742568,
                46.5379857
              ],
              [
                6.6726298,
                46.5384479
              ],
              [
                6.6719356,
                46.5384957
              ],
              [
                6.6707332,
                46.5386793
              ],
              [
                6.6693201,
                46.5388511
              ],
              [
                6.668957,
                46.5389161
              ],
              [
                6.6689017,
                46.538647
              ],
              [
                6.6683009,
                46.5388791
              ],
              [
                6.6682366,
                46.5388799
              ],
              [
                6.667542,
                46.5396048
              ],
              [
                6.6674766,
                46.5395756
              ],
              [
                6.6674369,
                46.5396266
              ],
              [
                6.6673849,
                46.5397092
              ],
              [
                6.6673618,
                46.5397558
              ],
              [
                6.6673276,
                46.5398515
              ],
              [
                6.6671794,
                46.5398352
              ],
              [
                6.6669051,
                46.5396192
              ],
              [
                6.6651372,
                46.5402952
              ],
              [
                6.6652916,
                46.5404201
              ],
              [
                6.66482,
                46.5406976
              ],
              [
                6.6645852,
                46.5405064
              ],
              [
                6.6643103,
                46.5406115
              ],
              [
                6.663064,
                46.5410407
              ],
              [
                6.6630524,
                46.5410201
              ],
              [
                6.661668,
                46.5414817
              ],
              [
                6.6614411,
                46.5411578
              ],
              [
                6.6600267,
                46.5416294
              ],
              [
                6.6592926,
                46.541794
              ],
              [
                6.6590681,
                46.5418508
              ],
              [
                6.658192,
                46.5416644
              ],
              [
                6.658075,
                46.5419528
              ],
              [
                6.65822,
                46.5419581
              ],
              [
                6.657956,
                46.5427321
              ],
              [
                6.6576238,
                46.5425937
              ],
              [
                6.6572411,
                46.5424423
              ],
              [
                6.6569419,
                46.5422658
              ],
              [
                6.6566149,
                46.5421554
              ],
              [
                6.6566027,
                46.5422214
              ],
              [
                6.6565149,
                46.5421953
              ],
              [
                6.656288,
                46.5421548
              ],
              [
                6.6560729,
                46.5421085
              ],
              [
                6.655912,
                46.5420388
              ],
              [
                6.6556789,
                46.5418968
              ],
              [
                6.6555087,
                46.5419676
              ],
              [
                6.6549216,
                46.5422485
              ],
              [
                6.6548174,
                46.5423223
              ],
              [
                6.6547205,
                46.5425143
              ],
              [
                6.6546276,
                46.5426122
              ],
              [
                6.6544535,
                46.5426771
              ],
              [
                6.6542053,
                46.5427121
              ],
              [
                6.6539284,
                46.54274
              ],
              [
                6.6538685,
                46.5427735
              ],
              [
                6.6537678,
                46.5429583
              ],
              [
                6.6536241,
                46.5431435
              ],
              [
                6.6536053,
                46.5431874
              ],
              [
                6.6533307,
                46.5437307
              ],
              [
                6.6531907,
                46.5436916
              ],
              [
                6.6531449,
                46.5438047
              ],
              [
                6.6529837,
                46.5439406
              ],
              [
                6.6527429,
                46.5440534
              ],
              [
                6.6524192,
                46.5440899
              ],
              [
                6.6523912,
                46.5441229
              ],
              [
                6.6520739,
                46.5441591
              ],
              [
                6.6515491,
                46.5443136
              ],
              [
                6.649388,
                46.5449758
              ],
              [
                6.6485313,
                46.5455878
              ],
              [
                6.648104,
                46.54565
              ],
              [
                6.6480018,
                46.5456723
              ],
              [
                6.6474956,
                46.5459863
              ],
              [
                6.6472613,
                46.5460773
              ],
              [
                6.6469743,
                46.546394
              ],
              [
                6.6468052,
                46.5467489
              ],
              [
                6.6466214,
                46.5466612
              ],
              [
                6.6464799,
                46.546603
              ],
              [
                6.6464119,
                46.5465818
              ],
              [
                6.6462768,
                46.5465655
              ],
              [
                6.6462597,
                46.5465773
              ],
              [
                6.6460639,
                46.5465199
              ],
              [
                6.6458716,
                46.5464825
              ],
              [
                6.6457262,
                46.5464743
              ],
              [
                6.645692,
                46.5464654
              ],
              [
                6.6456042,
                46.5464681
              ],
              [
                6.6454644,
                46.5464316
              ],
              [
                6.6452593,
                46.5464099
              ],
              [
                6.6449833,
                46.5464434
              ],
              [
                6.6447541,
                46.5464533
              ],
              [
                6.6446786,
                46.546445
              ],
              [
                6.6446339,
                46.5464275
              ],
              [
                6.644588,
                46.5464019
              ],
              [
                6.6445572,
                46.5463729
              ],
              [
                6.6444703,
                46.5462663
              ],
              [
                6.6443608,
                46.5462291
              ],
              [
                6.6442069,
                46.5462306
              ],
              [
                6.6440597,
                46.5461654
              ],
              [
                6.6439256,
                46.546158
              ],
              [
                6.6438473,
                46.5461304
              ],
              [
                6.6438337,
                46.5460854
              ],
              [
                6.6438073,
                46.5460448
              ],
              [
                6.6437749,
                46.5460395
              ],
              [
                6.6436605,
                46.545999
              ],
              [
                6.6436258,
                46.5459737
              ],
              [
                6.6435275,
                46.545929
              ],
              [
                6.6434637,
                46.5458586
              ],
              [
                6.6434596,
                46.5457993
              ],
              [
                6.6434039,
                46.5455433
              ],
              [
                6.6434195,
                46.5453333
              ],
              [
                6.6433929,
                46.545251
              ],
              [
                6.6432876,
                46.5451451
              ],
              [
                6.6432082,
                46.5450858
              ],
              [
                6.6428877,
                46.5449354
              ],
              [
                6.6428452,
                46.5449016
              ],
              [
                6.6428173,
                46.5448557
              ],
              [
                6.6428138,
                46.5448088
              ],
              [
                6.6428374,
                46.5447639
              ],
              [
                6.6428607,
                46.5447541
              ],
              [
                6.6428961,
                46.5446941
              ],
              [
                6.6428836,
                46.5446475
              ],
              [
                6.6428198,
                46.5445502
              ],
              [
                6.6428035,
                46.5445369
              ],
              [
                6.6426386,
                46.5444654
              ],
              [
                6.6426069,
                46.5444361
              ],
              [
                6.6425997,
                46.5443523
              ],
              [
                6.6426073,
                46.5443187
              ],
              [
                6.642623,
                46.5443101
              ],
              [
                6.6426842,
                46.5442273
              ],
              [
                6.6427036,
                46.5441396
              ],
              [
                6.6426964,
                46.5439705
              ],
              [
                6.6426847,
                46.543919
              ],
              [
                6.6426415,
                46.543824
              ],
              [
                6.6426258,
                46.5438247
              ],
              [
                6.6424961,
                46.5437477
              ],
              [
                6.6424972,
                46.5437312
              ],
              [
                6.6424538,
                46.5436979
              ],
              [
                6.6424562,
                46.5436627
              ],
              [
                6.6418253,
                46.5436633
              ],
              [
                6.6394522,
                46.5436536
              ],
              [
                6.6392687,
                46.5434587
              ],
              [
                6.6388974,
                46.5431028
              ],
              [
                6.638868,
                46.5430859
              ],
              [
                6.6387044,
                46.5430256
              ],
              [
                6.6386537,
                46.5430148
              ],
              [
                6.6386357,
                46.5430167
              ],
              [
                6.6383174,
                46.5427946
              ],
              [
                6.6383279,
                46.5427818
              ],
              [
                6.6382588,
                46.5427316
              ],
              [
                6.6384147,
                46.542647
              ],
              [
                6.6382503,
                46.5425016
              ],
              [
                6.6377335,
                46.5421421
              ],
              [
                6.6374806,
                46.5421991
              ],
              [
                6.6366696,
                46.5416328
              ],
              [
                6.6365277,
                46.5416697
              ],
              [
                6.6363725,
                46.5417165
              ],
              [
                6.6361707,
                46.541787
              ],
              [
                6.6359138,
                46.5418852
              ],
              [
                6.6349436,
                46.5422702
              ],
              [
                6.6313994,
                46.5414699
              ],
              [
                6.6312346,
                46.5410346
              ],
              [
                6.6310966,
                46.5408499
              ],
              [
                6.6311025,
                46.5408478
              ],
              [
                6.6310302,
                46.5407125
              ],
              [
                6.6311578,
                46.5404967
              ],
              [
                6.6310481,
                46.5400031
              ],
              [
                6.6308875,
                46.539837
              ],
              [
                6.6301591,
                46.539692
              ],
              [
                6.6300471,
                46.5396543
              ],
              [
                6.6300153,
                46.5396483
              ],
              [
                6.6299467,
                46.5396
              ],
              [
                6.629951,
                46.5395711
              ],
              [
                6.6300289,
                46.5395309
              ],
              [
                6.6300763,
                46.5394983
              ],
              [
                6.6300503,
                46.5394309
              ],
              [
                6.6300143,
                46.5394081
              ],
              [
                6.6299008,
                46.5393529
              ],
              [
                6.6297568,
                46.5393279
              ],
              [
                6.6296493,
                46.5392708
              ],
              [
                6.6295564,
                46.5392471
              ],
              [
                6.629494,
                46.5392439
              ],
              [
                6.6294829,
                46.5392731
              ],
              [
                6.6293836,
                46.5393262
              ],
              [
                6.6293184,
                46.5393
              ],
              [
                6.6292801,
                46.5392646
              ],
              [
                6.6292737,
                46.539194
              ],
              [
                6.6292452,
                46.5391132
              ],
              [
                6.6292025,
                46.5391
              ],
              [
                6.6291531,
                46.5391551
              ],
              [
                6.6290999,
                46.5391603
              ],
              [
                6.6290834,
                46.5391484
              ],
              [
                6.6291425,
                46.5390432
              ],
              [
                6.62911,
                46.5389477
              ],
              [
                6.6290707,
                46.5388927
              ],
              [
                6.6289169,
                46.5388287
              ],
              [
                6.6288656,
                46.5388317
              ],
              [
                6.6287652,
                46.5389033
              ],
              [
                6.6286592,
                46.5390974
              ],
              [
                6.6287382,
                46.5391597
              ],
              [
                6.6287941,
                46.5391659
              ],
              [
                6.6287581,
                46.539309
              ],
              [
                6.628723,
                46.5394823
              ],
              [
                6.6286756,
                46.5396135
              ],
              [
                6.6287112,
                46.5397536
              ],
              [
                6.6287495,
                46.5398144
              ],
              [
                6.6287874,
                46.5399342
              ],
              [
                6.6287542,
                46.5399981
              ],
              [
                6.6286746,
                46.5400269
              ],
              [
                6.6284781,
                46.5399875
              ],
              [
                6.6284531,
                46.5399667
              ],
              [
                6.6275566,
                46.5411969
              ],
              [
                6.6255223,
                46.5411839
              ],
              [
                6.6255689,
                46.5412715
              ],
              [
                6.6256197,
                46.5413353
              ],
              [
                6.6256562,
                46.541423
              ],
              [
                6.6256113,
                46.5415136
              ],
              [
                6.6256347,
                46.5415663
              ],
              [
                6.6256731,
                46.5416247
              ],
              [
                6.6256753,
                46.5416347
              ],
              [
                6.6257602,
                46.5417034
              ],
              [
                6.6258165,
                46.5417262
              ],
              [
                6.62586,
                46.5417651
              ],
              [
                6.6258393,
                46.5418407
              ],
              [
                6.6257796,
                46.5419616
              ],
              [
                6.6257892,
                46.5420678
              ],
              [
                6.6258,
                46.5420722
              ],
              [
                6.625793,
                46.5421272
              ],
              [
                6.6256809,
                46.5422649
              ],
              [
                6.6256425,
                46.5422944
              ],
              [
                6.6255764,
                46.5423239
              ],
              [
                6.6254508,
                46.542473
              ],
              [
                6.6254929,
                46.5425605
              ],
              [
                6.6254929,
                46.5425731
              ],
              [
                6.6254848,
                46.5425984
              ],
              [
                6.6254254,
                46.5426536
              ],
              [
                6.6254302,
                46.5426755
              ],
              [
                6.6254685,
                46.542701
              ],
              [
                6.6255514,
                46.5427034
              ],
              [
                6.625664,
                46.5427464
              ],
              [
                6.625818,
                46.5427873
              ],
              [
                6.6258671,
                46.5428428
              ],
              [
                6.6258661,
                46.5428884
              ],
              [
                6.6257704,
                46.5429364
              ],
              [
                6.6256499,
                46.5429482
              ],
              [
                6.6255802,
                46.542929
              ],
              [
                6.6255496,
                46.5429319
              ],
              [
                6.6255018,
                46.5429658
              ],
              [
                6.6255301,
                46.5430374
              ],
              [
                6.6254999,
                46.5430854
              ],
              [
                6.6255869,
                46.5431766
              ],
              [
                6.6254841,
                46.5432414
              ],
              [
                6.6254594,
                46.5432484
              ],
              [
                6.6253902,
                46.5432007
              ],
              [
                6.6253409,
                46.5432018
              ],
              [
                6.6251817,
                46.5433675
              ],
              [
                6.6251772,
                46.5434392
              ],
              [
                6.6252911,
                46.5436952
              ],
              [
                6.6253399,
                46.543731
              ],
              [
                6.6253567,
                46.5437285
              ],
              [
                6.6253661,
                46.5437687
              ],
              [
                6.62531,
                46.5438928
              ],
              [
                6.6252953,
                46.5439082
              ],
              [
                6.6252624,
                46.5439786
              ],
              [
                6.6253656,
                46.5441657
              ],
              [
                6.6253774,
                46.5442516
              ],
              [
                6.6253645,
                46.5442716
              ],
              [
                6.6253177,
                46.5442912
              ],
              [
                6.6252295,
                46.544266
              ],
              [
                6.6252239,
                46.5442582
              ],
              [
                6.6251569,
                46.5442364
              ],
              [
                6.6250641,
                46.5442848
              ],
              [
                6.6250314,
                46.5443996
              ],
              [
                6.6249427,
                46.5444565
              ],
              [
                6.6249429,
                46.544467
              ],
              [
                6.6248325,
                46.5445909
              ],
              [
                6.6247612,
                46.5446492
              ],
              [
                6.624684,
                46.5446719
              ],
              [
                6.6244749,
                46.5446733
              ],
              [
                6.6244188,
                46.5446686
              ],
              [
                6.6243599,
                46.5446476
              ],
              [
                6.6243502,
                46.5446499
              ],
              [
                6.6243008,
                46.5446409
              ],
              [
                6.6242276,
                46.5446387
              ],
              [
                6.6241877,
                46.5446472
              ],
              [
                6.6241317,
                46.5446717
              ],
              [
                6.6235187,
                46.5450256
              ],
              [
                6.623408,
                46.5450918
              ],
              [
                6.623327,
                46.5451478
              ],
              [
                6.6229889,
                46.5451986
              ],
              [
                6.6229015,
                46.5452371
              ],
              [
                6.6229052,
                46.5453669
              ],
              [
                6.6227949,
                46.545415
              ],
              [
                6.6227251,
                46.5454161
              ],
              [
                6.6225387,
                46.5455194
              ],
              [
                6.6224587,
                46.545583
              ],
              [
                6.6224055,
                46.5456622
              ],
              [
                6.6223827,
                46.5457832
              ],
              [
                6.6223475,
                46.5458962
              ],
              [
                6.6223807,
                46.5459768
              ],
              [
                6.6223713,
                46.5460872
              ],
              [
                6.6223121,
                46.5461402
              ],
              [
                6.6223441,
                46.5462465
              ],
              [
                6.6222929,
                46.546297
              ],
              [
                6.6222737,
                46.5463448
              ],
              [
                6.622344,
                46.5464341
              ],
              [
                6.6223693,
                46.5465065
              ],
              [
                6.6223188,
                46.5465672
              ],
              [
                6.6223029,
                46.5465953
              ],
              [
                6.6222008,
                46.5466894
              ],
              [
                6.6221738,
                46.5466898
              ],
              [
                6.6221238,
                46.5467608
              ],
              [
                6.6221328,
                46.5468189
              ],
              [
                6.6221805,
                46.5468779
              ],
              [
                6.6221887,
                46.5469297
              ],
              [
                6.6221417,
                46.5470436
              ],
              [
                6.6221294,
                46.5470999
              ],
              [
                6.6220577,
                46.5471474
              ],
              [
                6.6220807,
                46.5471977
              ],
              [
                6.622075,
                46.5472087
              ],
              [
                6.6219627,
                46.5472908
              ],
              [
                6.6218275,
                46.5472921
              ],
              [
                6.6217727,
                46.5473117
              ],
              [
                6.6217463,
                46.5474283
              ],
              [
                6.6217438,
                46.5476016
              ],
              [
                6.6217608,
                46.5476579
              ],
              [
                6.6217608,
                46.5477368
              ],
              [
                6.6217949,
                46.5477857
              ],
              [
                6.6217828,
                46.5478689
              ],
              [
                6.6218204,
                46.5479216
              ],
              [
                6.6218403,
                46.547997
              ],
              [
                6.6218981,
                46.5480817
              ],
              [
                6.621935,
                46.5481726
              ],
              [
                6.6219268,
                46.548182
              ],
              [
                6.6218749,
                46.5481859
              ],
              [
                6.6218722,
                46.5482074
              ],
              [
                6.62198,
                46.5483452
              ],
              [
                6.6219198,
                46.5485017
              ],
              [
                6.621907,
                46.5486412
              ],
              [
                6.6218543,
                46.5487768
              ],
              [
                6.6217727,
                46.5488583
              ],
              [
                6.6216514,
                46.5488983
              ],
              [
                6.621478,
                46.548943
              ],
              [
                6.6214112,
                46.5489665
              ],
              [
                6.6212466,
                46.5489984
              ],
              [
                6.6211964,
                46.5490013
              ],
              [
                6.6211028,
                46.548989
              ],
              [
                6.6210459,
                46.5490017
              ],
              [
                6.6208821,
                46.548978
              ],
              [
                6.6207888,
                46.5490163
              ],
              [
                6.620573,
                46.5490237
              ],
              [
                6.6204804,
                46.5489984
              ],
              [
                6.6203667,
                46.5490226
              ],
              [
                6.6202618,
                46.5490544
              ],
              [
                6.6201161,
                46.549118
              ],
              [
                6.6200623,
                46.5491664
              ],
              [
                6.6199849,
                46.5491916
              ],
              [
                6.6199665,
                46.5493015
              ],
              [
                6.6199826,
                46.5493568
              ],
              [
                6.6200241,
                46.5493774
              ],
              [
                6.620053,
                46.5493699
              ],
              [
                6.6200588,
                46.5493897
              ],
              [
                6.6201786,
                46.5494286
              ],
              [
                6.6200696,
                46.549483
              ],
              [
                6.6200023,
                46.5494885
              ],
              [
                6.6199338,
                46.5495297
              ],
              [
                6.6198521,
                46.5496262
              ],
              [
                6.6198313,
                46.5497474
              ],
              [
                6.6197146,
                46.5498193
              ],
              [
                6.6196787,
                46.5498998
              ],
              [
                6.6196007,
                46.5499759
              ],
              [
                6.6195786,
                46.5500493
              ],
              [
                6.6195221,
                46.5500545
              ],
              [
                6.6194986,
                46.550125
              ],
              [
                6.6195641,
                46.5501776
              ],
              [
                6.619462,
                46.5502408
              ],
              [
                6.6194697,
                46.5504488
              ],
              [
                6.6192898,
                46.5509964
              ],
              [
                6.6199111,
                46.5511437
              ],
              [
                6.619635,
                46.5512078
              ],
              [
                6.6191352,
                46.5510922
              ],
              [
                6.6185867,
                46.5510104
              ],
              [
                6.6181275,
                46.5509117
              ],
              [
                6.6180268,
                46.5508976
              ],
              [
                6.6179236,
                46.5508997
              ],
              [
                6.6178407,
                46.5509423
              ],
              [
                6.6177876,
                46.5510047
              ],
              [
                6.6177484,
                46.5510716
              ],
              [
                6.6174488,
                46.5509565
              ],
              [
                6.6174563,
                46.5508899
              ],
              [
                6.6174407,
                46.5508254
              ],
              [
                6.6173913,
                46.5507692
              ],
              [
                6.6173141,
                46.5507319
              ],
              [
                6.6167551,
                46.5505349
              ],
              [
                6.6162884,
                46.5503199
              ],
              [
                6.6160362,
                46.5502206
              ],
              [
                6.6158122,
                46.5500889
              ],
              [
                6.6156185,
                46.5499376
              ],
              [
                6.614469,
                46.5489697
              ],
              [
                6.614517,
                46.5490301
              ],
              [
                6.6145333,
                46.5490974
              ],
              [
                6.6145229,
                46.5493325
              ],
              [
                6.6144964,
                46.5494464
              ],
              [
                6.6143399,
                46.5497905
              ],
              [
                6.6123328,
                46.5501221
              ],
              [
                6.6115682,
                46.5474218
              ],
              [
                6.611283,
                46.5448179
              ],
              [
                6.6114688,
                46.5433933
              ],
              [
                6.6119427,
                46.5422943
              ],
              [
                6.6109922,
                46.5420863
              ],
              [
                6.6117158,
                46.5402116
              ],
              [
                6.6102495,
                46.5398638
              ],
              [
                6.61026,
                46.5398523
              ],
              [
                6.6102353,
                46.539791
              ],
              [
                6.6102866,
                46.5397224
              ],
              [
                6.6102679,
                46.5397156
              ],
              [
                6.6104131,
                46.5395224
              ],
              [
                6.6106546,
                46.5392584
              ],
              [
                6.6108486,
                46.5390277
              ],
              [
                6.6109559,
                46.5389462
              ],
              [
                6.6109764,
                46.5389536
              ],
              [
                6.6111235,
                46.5387601
              ],
              [
                6.6111795,
                46.5386381
              ],
              [
                6.6111593,
                46.53863
              ],
              [
                6.6111898,
                46.5385747
              ],
              [
                6.6113099,
                46.5383939
              ],
              [
                6.6114232,
                46.5382113
              ],
              [
                6.6117188,
                46.5376877
              ],
              [
                6.6115918,
                46.5376537
              ],
              [
                6.6117089,
                46.5374424
              ],
              [
                6.6120618,
                46.5367381
              ],
              [
                6.6121793,
                46.5364898
              ],
              [
                6.6125435,
                46.5359431
              ],
              [
                6.6128589,
                46.5353775
              ],
              [
                6.6127217,
                46.5353172
              ],
              [
                6.6126866,
                46.5353058
              ],
              [
                6.6126426,
                46.5352973
              ],
              [
                6.6112414,
                46.5346189
              ],
              [
                6.6115848,
                46.5341228
              ],
              [
                6.611725,
                46.5339329
              ],
              [
                6.6117051,
                46.5339395
              ],
              [
                6.6116849,
                46.5339282
              ],
              [
                6.611085,
                46.5337252
              ],
              [
                6.6110745,
                46.5337406
              ],
              [
                6.6109618,
                46.5337157
              ],
              [
                6.6105807,
                46.5335915
              ],
              [
                6.6106594,
                46.5334735
              ],
              [
                6.6108654,
                46.5331935
              ],
              [
                6.6098006,
                46.5324887
              ],
              [
                6.6094288,
                46.5327357
              ],
              [
                6.6088416,
                46.5322956
              ],
              [
                6.6086514,
                46.5321294
              ],
              [
                6.6083438,
                46.5318506
              ],
              [
                6.6077813,
                46.5315678
              ],
              [
                6.6073669,
                46.5314539
              ],
              [
                6.607445,
                46.5308915
              ],
              [
                6.6072502,
                46.5308788
              ],
              [
                6.6075397,
                46.5287916
              ],
              [
                6.6075457,
                46.528641
              ],
              [
                6.6075261,
                46.5284535
              ],
              [
                6.6055923,
                46.5283845
              ],
              [
                6.60409,
                46.5288923
              ],
              [
                6.6037518,
                46.5287881
              ],
              [
                6.6039416,
                46.5283475
              ],
              [
                6.6037381,
                46.5280568
              ],
              [
                6.6037093,
                46.5279771
              ],
              [
                6.6037146,
                46.5279719
              ],
              [
                6.6036778,
                46.5279329
              ],
              [
                6.6036685,
                46.5279347
              ],
              [
                6.6035246,
                46.5277655
              ],
              [
                6.60351,
                46.5275464
              ],
              [
                6.6033444,
                46.5271598
              ],
              [
                6.6031681,
                46.5267483
              ],
              [
                6.60325,
                46.5267278
              ],
              [
                6.6034011,
                46.5267174
              ],
              [
                6.603378,
                46.526662
              ],
              [
                6.6033327,
                46.526586
              ],
              [
                6.6032999,
                46.5265109
              ],
              [
                6.6032761,
                46.5264273
              ],
              [
                6.6032465,
                46.5263641
              ],
              [
                6.6032499,
                46.5263207
              ],
              [
                6.6032728,
                46.526279
              ],
              [
                6.6032871,
                46.5262348
              ],
              [
                6.6032831,
                46.525934
              ],
              [
                6.6036338,
                46.5259308
              ],
              [
                6.6036292,
                46.5255338
              ],
              [
                6.6037926,
                46.5254908
              ],
              [
                6.6037863,
                46.5252357
              ],
              [
                6.6037966,
                46.5252361
              ],
              [
                6.6037995,
                46.5250384
              ],
              [
                6.6033213,
                46.5250349
              ],
              [
                6.603327,
                46.5246354
              ],
              [
                6.6027485,
                46.5245478
              ],
              [
                6.602594,
                46.5245342
              ],
              [
                6.6024643,
                46.524534
              ],
              [
                6.6022823,
                46.5246825
              ],
              [
                6.6021271,
                46.5246371
              ],
              [
                6.6021069,
                46.5246311
              ],
              [
                6.6008673,
                46.5237741
              ],
              [
                6.6008174,
                46.523745
              ],
              [
                6.6007628,
                46.5237203
              ],
              [
                6.6007043,
                46.5237002
              ],
              [
                6.6006428,
                46.5236851
              ],
              [
                6.6005922,
                46.5236469
              ],
              [
                6.6005832,
                46.5236274
              ],
              [
                6.6005889,
                46.5236072
              ],
              [
                6.6008588,
                46.5235154
              ],
              [
                6.6007237,
                46.5235
              ],
              [
                6.6004111,
                46.5234114
              ],
              [
                6.6000612,
                46.5233599
              ],
              [
                6.599672,
                46.5233368
              ],
              [
                6.5994045,
                46.5233408
              ],
              [
                6.5993888,
                46.523321
              ],
              [
                6.5993322,
                46.5233219
              ],
              [
                6.5991566,
                46.5233641
              ],
              [
                6.5991549,
                46.5233581
              ],
              [
                6.598864,
                46.5233951
              ],
              [
                6.5985832,
                46.5234487
              ],
              [
                6.5972201,
                46.5237566
              ],
              [
                6.5972051,
                46.5237398
              ],
              [
                6.596156,
                46.5239768
              ],
              [
                6.5958491,
                46.5240517
              ],
              [
                6.5955498,
                46.5241187
              ],
              [
                6.59541,
                46.5241774
              ],
              [
                6.5952553,
                46.5242081
              ],
              [
                6.5938183,
                46.5248397
              ],
              [
                6.59088,
                46.5264132
              ],
              [
                6.5908957,
                46.5270607
              ],
              [
                6.5893505,
                46.5276212
              ],
              [
                6.5874674,
                46.5254572
              ],
              [
                6.5869254,
                46.5256671
              ],
              [
                6.5858831,
                46.5223342
              ],
              [
                6.5864769,
                46.5219248
              ],
              [
                6.5865912,
                46.5217813
              ],
              [
                6.58673,
                46.5215425
              ],
              [
                6.5869293,
                46.5208784
              ],
              [
                6.5856524,
                46.5211629
              ],
              [
                6.5855767,
                46.5211504
              ],
              [
                6.5852762,
                46.5210164
              ],
              [
                6.5848122,
                46.5209253
              ],
              [
                6.5843572,
                46.5208112
              ],
              [
                6.5842931,
                46.5207762
              ],
              [
                6.5842402,
                46.5207628
              ]
            ]
          ]
        ]
      }
    },
    {
      "type": "Feature",
      "properties": {
        "id": "jordils",
        "name": "Jordils",
        "displayName": "Jordils, Chemin du Funiculaire, Lausanne, District de Lausanne, Vaud, 1006, Schweiz/Suisse/Svizzera/Svizra",
        "class": "railway",
        "type": "halt"
      },
      "geometry": {
        "type": "Point",
        "coordinates": [
          6.627364,
          46.5099099
        ]
      }
    },
    {
      "type": "Feature",
      "properties": {
        "id": "bioley-orjulaz",
        "name": "Bioley-Orjulaz",
        "displayName": "Bioley-Orjulaz, District du Gros-de-Vaud, Vaud, 1042, Schweiz/Suisse/Svizzera/Svizra",
        "class": "boundary",
        "type": "administrative"
      },
      "geometry": {
        "type": "Polygon",
        "coordinates": [
          [
            [
              6.5878163304738,
              46.616504777631
            ],
            [
              6.5898148843111,
              46.626397409497
            ],
            [
              6.59551397448,
              46.624352736785
            ],
            [
              6.5979009061431,
              46.627869883851
            ],
            [
              6.6039068826001,
              46.627923141605
            ],
            [
              6.6050437806056,
              46.629559769247
            ],
            [
              6.6110152483504,
              46.62846990014
            ],
            [
              6.6093297586388,
              46.625983703877
            ],
            [
              6.6119667984265,
              46.624320652691
            ],
            [
              6.6117552433429,
              46.610861025675
            ],
            [
              6.5956846232916,
              46.610922872943
            ],
            [
              6.5878163304738,
              46.616504777631
            ]
          ]
        ]
      }
    }
  ]
}